Workbook

Sheet Ana Veri
A1: Danışman | B1: Danışman Tipi | C1: Görev | D1: Danışmanlık Tarihi | E1: Yıl | F1: Çeyrek | G1: Danışmanlık Grubu | H1: Danışmanlık Adı | I1: Danışmanlık Alan Kurum | J1: Proje No | K1: Danışmanlık Yeri | L1: Danışmanlık Saati | M1: Katılımcı Sayısı | N1: Danışmanlık Günü | O1: İnsanxSaat | P1: İnsanxGün
A2: Buğra Doymaz | B2: Tam Zamanlı | C2: Teknisyen | D2: 45995 | E2: =+YEAR(D2) -> 2025 | F2: =+ROUNDUP(MONTH(D2)/3,0) -> 4 | G2: Öğren-Dönüş | H2: Saha Çalışması | I2: Külça Çelik Kapı | J2: KMF-2025-ÖDP-86-134 | K2: Kayseri | L2: 4 | M2: 10 | N2: =IFERROR(L2/8," ") -> 0.5 | O2: =M2*L2 -> 40 | P2: =+M2*N2 -> 5
A3: Onur Şahin | B3: Tam Zamanlı | C3: Stajyer | D3: 45995 | E3: =+YEAR(D3) -> 2025 | F3: =+ROUNDUP(MONTH(D3)/3,0) -> 4 | G3: Öğren-Dönüş | H3: Saha Çalışması | I3: Külça Çelik Kapı | J3: KMF-2025-ÖDP-86-134 | K3: Kayseri | L3: 4 | M3: 10 | N3: =IFERROR(L3/8," ") -> 0.5 | O3: =M3*L3 -> 40 | P3: =+M3*N3 -> 5
A4: Onur Kemaneci | B4: Tam Zamanlı | C4: Stajyer | D4: 45995 | E4: =+YEAR(D4) -> 2025 | F4: =+ROUNDUP(MONTH(D4)/3,0) -> 4 | G4: Öğren-Dönüş | H4: Saha Çalışması | I4: Külça Çelik Kapı | J4: KMF-2025-ÖDP-86-134 | K4: Kayseri | L4: 4 | M4: 10 | N4: =IFERROR(L4/8," ") -> 0.5 | O4: =M4*L4 -> 40 | P4: =+M4*N4 -> 5
A5: Onur Kemaneci | B5: Tam Zamanlı | C5: Stajyer | D5: 45994 | E5: =+YEAR(D5) -> 2025 | F5: =+ROUNDUP(MONTH(D5)/3,0) -> 4 | G5: Öğren-Dönüş | H5: Saha Çalışması | I5: Parteks | J5: KMF-2024-BUP-12-122 | K5: Kayseri | L5: 4 | M5: 10 | N5: =IFERROR(L5/8," ") -> 0.5 | O5: =M5*L5 -> 40 | P5: =+M5*N5 -> 5
A6: Ebru Takcı | B6: Tam Zamanlı | C6: Uzman | D6: 45996 | E6: =+YEAR(D6) -> 2025 | F6: =+ROUNDUP(MONTH(D6)/3,0) -> 4 | G6: Öğren-Dönüş | H6: Saha Çalışması | I6: Akyapı Lojistik | J6: KMF-2025-ÖDP-87-135 | K6: Kayseri | L6: 4 | M6: 10 | N6: =IFERROR(L6/8," ") -> 0.5 | O6: =M6*L6 -> 40 | P6: =+M6*N6 -> 5
A7: Buğra Doymaz | B7: Tam Zamanlı | C7: Teknisyen | D7: 45996 | E7: =+YEAR(D7) -> 2025 | F7: =+ROUNDUP(MONTH(D7)/3,0) -> 4 | G7: Öğren-Dönüş | H7: Saha Çalışması | I7: Akyapı Lojistik | J7: KMF-2025-ÖDP-87-135 | K7: Kayseri | L7: 4 | M7: 10 | N7: =IFERROR(L7/8," ") -> 0.5 | O7: =M7*L7 -> 40 | P7: =+M7*N7 -> 5
A8: Onur Kemaneci | B8: Tam Zamanlı | C8: Stajyer | D8: 45996 | E8: =+YEAR(D8) -> 2025 | F8: =+ROUNDUP(MONTH(D8)/3,0) -> 4 | G8: Öğren-Dönüş | H8: Saha Çalışması | I8: Külça Çelik Kapı | J8: KMF-2025-ÖDP-87-135 | K8: Kayseri | L8: 4 | M8: 10 | N8: =IFERROR(L8/8," ") -> 0.5 | O8: =M8*L8 -> 40 | P8: =+M8*N8 -> 5
A9: Mehmet Sürücü | B9: Tam Zamanlı | C9: Uzman | D9: 45978 | E9: 2025 | F9: =+ROUNDUP(MONTH(D9)/3,0) -> 4 | G9: Öğren-Dönüş | H9: Saha Çalışması | I9: Kartallar Damper | K9: Kayseri | L9: 4 | M9: 10 | N9: =IFERROR(L9/8," ") -> 0.5 | O9: =M9*L9 -> 40 | P9: =+M9*N9 -> 5
A10: Mehmet Sürücü | B10: Tam Zamanlı | C10: Uzman | D10: 46000 | E10: 2025 | F10: =+ROUNDUP(MONTH(D10)/3,0) -> 4 | G10: Öğren-Dönüş | H10: Saha Çalışması | I10: Enart Emaye | J10: KMF-2025-ÖDP-89-137 | K10: Kayseri | L10: 4 | M10: 10 | N10: =IFERROR(L10/8," ") -> 0.5 | O10: =M10*L10 -> 40 | P10: =+M10*N10 -> 5
A11: Ebru Takcı | B11: Tam Zamanlı | C11: Uzman | D11: 46000 | E11: =+YEAR(D11) -> 2025 | F11: =+ROUNDUP(MONTH(D11)/3,0) -> 4 | G11: Öğren-Dönüş | H11: Saha Çalışması | I11: Enart Emaye | J11: KMF-2025-ÖDP-89-137 | K11: Kayseri | L11: 4 | M11: 10 | N11: =IFERROR(L11/8," ") -> 0.5 | O11: =M11*L11 -> 40 | P11: =+M11*N11 -> 5
A12: Onur Kemaneci | B12: Tam Zamanlı | C12: Stajyer | D12: 46001 | E12: =+YEAR(D12) -> 2025 | F12: =+ROUNDUP(MONTH(D12)/3,0) -> 4 | G12: Butik Proje | H12: Saha Çalışması | I12: Parteks | J12: KMF-2024-BUP-12-122 | K12: Kayseri | L12: 4 | M12: 10 | N12: =IFERROR(L12/8," ") -> 0.5 | O12: =M12*L12 -> 40 | P12: =+M12*N12 -> 5
A13: Ebru Takcı | B13: Tam Zamanlı | C13: Uzman | D13: 46001 | E13: =+YEAR(D13) -> 2025 | F13: =+ROUNDUP(MONTH(D13)/3,0) -> 4 | G13: Butik Proje | H13: Saha Çalışması | I13: Parteks | J13: KMF-2024-BUP-12-122 | K13: Kayseri | L13: 4 | M13: 10 | N13: =IFERROR(L13/8," ") -> 0.5 | O13: =M13*L13 -> 40 | P13: =+M13*N13 -> 5
A14: Mehmet Sürücü | B14: Tam Zamanlı | C14: Uzman | D14: 46002 | E14: 2025 | F14: =+ROUNDUP(MONTH(D14)/3,0) -> 4 | G14: Öğren-Dönüş | H14: Saha Çalışması | I14: Enart Emaye | J14: KMF-2025-ÖDP-89-137 | K14: Kayseri | L14: 8 | M14: 10 | N14: =IFERROR(L14/8," ") -> 1 | O14: =M14*L14 -> 80 | P14: =+M14*N14 -> 10
A15: Ebru Takcı | B15: Tam Zamanlı | C15: Uzman | D15: 46002 | E15: =+YEAR(D15) -> 2025 | F15: =+ROUNDUP(MONTH(D15)/3,0) -> 4 | G15: Öğren-Dönüş | H15: Saha Çalışması | I15: Enart Emaye | J15: KMF-2025-ÖDP-89-137 | K15: Kayseri | L15: 8 | M15: 10 | N15: =IFERROR(L15/8," ") -> 1 | O15: =M15*L15 -> 80 | P15: =+M15*N15 -> 10
A16: Ezgi Bayburtgil | B16: Tam Zamanlı | C16: Stajyer | D16: 46002 | E16: =+YEAR(D16) -> 2025 | F16: =+ROUNDUP(MONTH(D16)/3,0) -> 4 | G16: Öğren-Dönüş | H16: Saha Çalışması | I16: Enart Emaye | J16: KMF-2025-ÖDP-89-137 | K16: Kayseri | L16: 8 | M16: 10 | N16: =IFERROR(L16/8," ") -> 1 | O16: =M16*L16 -> 80 | P16: =+M16*N16 -> 10
A17: Zehra Mumcu | B17: Tam Zamanlı | C17: Stajyer | D17: 46002 | E17: =+YEAR(D17) -> 2025 | F17: =+ROUNDUP(MONTH(D17)/3,0) -> 4 | G17: Öğren-Dönüş | H17: Saha Çalışması | I17: Enart Emaye | J17: KMF-2025-ÖDP-89-137 | K17: Kayseri | L17: 8 | M17: 10 | N17: =IFERROR(L17/8," ") -> 1 | O17: =M17*L17 -> 80 | P17: =+M17*N17 -> 10
A18: Ebru Takcı | B18: Tam Zamanlı | C18: Uzman | D18: 46003 | E18: =+YEAR(D18) -> 2025 | F18: =+ROUNDUP(MONTH(D18)/3,0) -> 4 | G18: Öğren-Dönüş | H18: Saha Çalışması | I18: Akyapı Lojistik | J18: KMF-2025-ÖDP-87-135 | K18: Kayseri | L18: 8 | M18: 10 | N18: =IFERROR(L18/8," ") -> 1 | O18: =M18*L18 -> 80 | P18: =+M18*N18 -> 10
A19: Ezgi Bayburtgil | B19: Tam Zamanlı | C19: Stajyer | D19: 46003 | E19: =+YEAR(D19) -> 2025 | F19: =+ROUNDUP(MONTH(D19)/3,0) -> 4 | G19: Öğren-Dönüş | H19: Saha Çalışması | I19: Akyapı Lojistik | J19: KMF-2025-ÖDP-89-135 | K19: Kayseri | L19: 8 | M19: 10 | N19: =IFERROR(L19/8," ") -> 1 | O19: =M19*L19 -> 80 | P19: =+M19*N19 -> 10
A20: Zehra Mumcu | B20: Tam Zamanlı | C20: Stajyer | D20: 46003 | E20: =+YEAR(D20) -> 2025 | F20: =+ROUNDUP(MONTH(D20)/3,0) -> 4 | G20: Öğren-Dönüş | H20: Saha Çalışması | I20: Akyapı Lojistik | J20: KMF-2025-ÖDP-89-135 | K20: Kayseri | L20: 8 | M20: 10 | N20: =IFERROR(L20/8," ") -> 1 | O20: =M20*L20 -> 80 | P20: =+M20*N20 -> 10
A21: Burak Ciğer | B21: Tam Zamanlı | C21: Stajyer | D21: 46003 | E21: =+YEAR(D21) -> 2025 | F21: =+ROUNDUP(MONTH(D21)/3,0) -> 4 | G21: Öğren-Dönüş | H21: Saha Çalışması | I21: Akyapı Lojistik | J21: KMF-2025-ÖDP-89-135 | K21: Kayseri | L21: 8 | M21: 10 | N21: =IFERROR(L21/8," ") -> 1 | O21: =M21*L21 -> 80 | P21: =+M21*N21 -> 10
A22: Ebru Takcı | B22: Tam Zamanlı | C22: Uzman | D22: 46006 | E22: =+YEAR(D22) -> 2025 | F22: =+ROUNDUP(MONTH(D22)/3,0) -> 4 | G22: Öğren-Dönüş | H22: Saha Çalışması | I22: Kilim Mobilya | J22: KMF-2025-BUP-13-140 | K22: Kayseri | L22: 4 | M22: 10 | N22: =IFERROR(L22/8," ") -> 0.5 | O22: =M22*L22 -> 40 | P22: =+M22*N22 -> 5
A23: Mehmet Sürücü | B23: Tam Zamanlı | C23: Uzman | D23: 46006 | E23: 2025 | F23: =+ROUNDUP(MONTH(D23)/3,0) -> 4 | G23: Öğren-Dönüş | H23: Saha Çalışması | I23: Kilim Mobilya | J23: KMF-2025-BUP-13-140 | K23: Kayseri | L23: 4 | M23: 10 | N23: =IFERROR(L23/8," ") -> 0.5 | O23: =M23*L23 -> 40 | P23: =+M23*N23 -> 5
A24: Ebru Takcı | B24: Tam Zamanlı | C24: Uzman | D24: 46006 | E24: =+YEAR(D24) -> 2025 | F24: =+ROUNDUP(MONTH(D24)/3,0) -> 4 | G24: Butik Proje | H24: Saha Çalışması | I24: Parteks | J24: KMF-2024-BUP-12-122 | K24: Kayseri | L24: 4 | M24: 10 | N24: =IFERROR(L24/8," ") -> 0.5 | O24: =M24*L24 -> 40 | P24: =+M24*N24 -> 5

Sheet Özet Durum
A1: No | B1: Proje No | C1: Danışmanlık Alan Firma | D1: Firmanın İli | E1: Faaliyet Alanı | F1: Danışman | G1: Danışman Türü | H1: Klasör Yeri | I1: Danışmanlık Türü | J1: Danışmanlık Durumu | K1: Başlangıç Tarihi | L1: Başlangıç Yıl | M1: Planlanan Bitiş Tarihi | N1: Gerçekleşen Bitiş Tarihi | O1: Projenin Tamamlanacağı Gün Sayısı | P1: Projenin Gerçekleşen Gün Sayısı | Q1: Bitiş Yılı | R1: Plana Uyum Oranı | S1: Plan. İş Günü | T1: Ger. İş Günü | U1: Kalan İş Günü | V1: Durum | W1: Proje Yıllık Getirisi | X1: ANKET ZAMANI | Y1: Memnuniyet Oranı
A2: 1 | B2: KMF-2021-ÖDP-01-001 | C2: Comfytex | D2: Kayseri | E2: Tekstil | F2: Ebru Takcı | G2: Tam Zamanlı | H2: ÖD-1 | I2: Öğren Dönüş | J2: =+IF(V2=1,"Tamamlandı","Devam Ediyor") -> #REF! | K2: =VLOOKUP(B2,#REF!,2,0) -> #REF! | L2: =YEAR(K2) -> #REF! | M2: =+K2+O2 -> #REF! | N2: =VLOOKUP(B2,#REF!,2,0) -> #REF! | O2: 150 | P2: =+N2-K2 -> #REF! | Q2: =+YEAR(N2) -> #REF! | R2: =IF(P2<O2,1,1-(ABS(O2-P2)/O2)) -> #REF! | S2: 20 | T2: =+SUMIF(#REF!,'Özet Durum'!B2,#REF!) -> #REF! | U2: =+S2-T2 -> #REF! | V2: =+T2/S2 -> #REF! | W2: 12000000 | X2: =IF(T2<S2/2," ",IF(T2=S2/2,"1.Anket Zamanı Geldi",IF(T2>S2/2,"2.Anket Zamanı Geldi"))) -> #REF! | Y2: 0.99
A3: 2 | B3: KMF-2021-ÖDP-02-002 | C3: Decoyat | D3: Kayseri | E3: Mobilya | F3: Furkan Yiğit | G3: Tam Zamanlı | H3: ÖD-1 | I3: Öğren Dönüş | J3: =+IF(V3=1,"Tamamlandı","Devam Ediyor") -> #REF! | K3: =VLOOKUP(B3,#REF!,2,0) -> #REF! | L3: =YEAR(K3) -> #REF! | M3: =+K3+O3 -> #REF! | N3: =VLOOKUP(B3,#REF!,2,0) -> #REF! | O3: 150 | P3: =+N3-K3 -> #REF! | Q3: =+YEAR(N3) -> #REF! | R3: =IF(P3<O3,1,1-(ABS(O3-P3)/O3)) -> #REF! | S3: 15 | T3: =+SUMIF(#REF!,'Özet Durum'!B3,#REF!) -> #REF! | U3: =+S3-T3 -> #REF! | V3: =+T3/S3 -> #REF! | W3: 4200000 | X3: =IF(T3<S3/2," ",IF(T3=S3/2,"1.Anket Zamanı Geldi",IF(T3>S3/2,"2.Anket Zamanı Geldi"))) -> #REF! | Y3: 0.95
A4: 3 | B4: KMF-2021-ÖDP-03-003 | C4: Efor Çelik Kapı | D4: Kayseri | E4: Metal | F4: Emre Koşar | G4: Tam Zamanlı | H4: ÖD-1 | I4: Öğren Dönüş | J4: =+IF(V4=1,"Tamamlandı","Devam Ediyor") -> #REF! | K4: =VLOOKUP(B4,#REF!,2,0) -> #REF! | L4: =YEAR(K4) -> #REF! | M4: =+K4+O4 -> #REF! | N4: =VLOOKUP(B4,#REF!,2,0) -> #REF! | O4: 150 | P4: =+N4-K4 -> #REF! | Q4: =+YEAR(N4) -> #REF! | R4: =IF(P4<O4,1,1-(ABS(O4-P4)/O4)) -> #REF! | S4: 17 | T4: =+SUMIF(#REF!,'Özet Durum'!B4,#REF!) -> #REF! | U4: =+S4-T4 -> #REF! | V4: =+T4/S4 -> #REF! | W4: 1620000 | X4: =IF(T4<S4/2," ",IF(T4=S4/2,"1.Anket Zamanı Geldi",IF(T4>S4/2,"2.Anket Zamanı Geldi"))) -> #REF! | Y4: 1
A5: 4 | B5: KMF-2021-ÖDP-04-004 | C5: Milenyum Metal | D5: Kayseri | E5: Metal | F5: Emre Koşar | G5: Tam Zamanlı | H5: ÖD-1 | I5: Öğren Dönüş | J5: =+IF(V5=1,"Tamamlandı","Devam Ediyor") -> #REF! | K5: =VLOOKUP(B5,#REF!,2,0) -> #REF! | L5: =YEAR(K5) -> #REF! | M5: =+K5+O5 -> #REF! | N5: =VLOOKUP(B5,#REF!,2,0) -> #REF! | O5: 150 | P5: =+N5-K5 -> #REF! | Q5: =+YEAR(N5) -> #REF! | R5: =IF(P5<O5,1,1-(ABS(O5-P5)/O5)) -> #REF! | S5: 15 | T5: =+SUMIF(#REF!,'Özet Durum'!B5,#REF!) -> #REF! | U5: =+S5-T5 -> #REF! | V5: =+T5/S5 -> #REF! | W5: 7290000 | X5: =IF(T5<S5/2," ",IF(T5=S5/2,"1.Anket Zamanı Geldi",IF(T5>S5/2,"2.Anket Zamanı Geldi"))) -> #REF! | Y5: 0.93
A6: 5 | B6: KMF-2021-ÖDP-05-005 | C6: Mywin | D6: Kayseri | E6: PVC | F6: Ebru Takcı | G6: Tam Zamanlı | H6: ÖD-1 | I6: Öğren Dönüş | J6: =+IF(V6=1,"Tamamlandı","Devam Ediyor") -> #REF! | K6: =VLOOKUP(B6,#REF!,2,0) -> #REF! | L6: =YEAR(K6) -> #REF! | M6: =+K6+O6 -> #REF! | N6: =VLOOKUP(B6,#REF!,2,0) -> #REF! | O6: 150 | P6: =+N6-K6 -> #REF! | Q6: =+YEAR(N6) -> #REF! | R6: =IF(P6<O6,1,1-(ABS(O6-P6)/O6)) -> #REF! | S6: 16 | T6: =+SUMIF(#REF!,'Özet Durum'!B6,#REF!) -> #REF! | U6: =+S6-T6 -> #REF! | V6: =+T6/S6 -> #REF! | W6: 1875000 | X6: =IF(T6<S6/2," ",IF(T6=S6/2,"1.Anket Zamanı Geldi",IF(T6>S6/2,"2.Anket Zamanı Geldi"))) -> #REF!
A7: 6 | B7: KMF-2021-ÖDP-06-006 | C7: Ödül Madeni Eşya | D7: Kayseri | E7: Beyaz Eşya | F7: Furkan Yiğit | G7: Tam Zamanlı | H7: ÖD-1 | I7: Öğren Dönüş | J7: =+IF(V7=1,"Tamamlandı","Devam Ediyor") -> #REF! | K7: =VLOOKUP(B7,#REF!,2,0) -> #REF! | L7: =YEAR(K7) -> #REF! | M7: =+K7+O7 -> #REF! | N7: =VLOOKUP(B7,#REF!,2,0) -> #REF! | O7: 150 | P7: =+N7-K7 -> #REF! | Q7: =+YEAR(N7) -> #REF! | R7: =IF(P7<O7,1,1-(ABS(O7-P7)/O7)) -> #REF! | S7: 17 | T7: =+SUMIF(#REF!,'Özet Durum'!B7,#REF!) -> #REF! | U7: =+S7-T7 -> #REF! | V7: =+T7/S7 -> #REF! | W7: 7800000 | X7: =IF(T7<S7/2," ",IF(T7=S7/2,"1.Anket Zamanı Geldi",IF(T7>S7/2,"2.Anket Zamanı Geldi"))) -> #REF! | Y7: 0.98
A8: 7 | B8: KMF-2021-VKO-01-007 | C8: Almila Mobilya | D8: Kayseri | E8: Mobilya | F8: Adem Göleç | G8: Yarı Zamanlı | H8: ÖD-2 | I8: VKO | J8: =+IF(V8=1,"Tamamlandı","Devam Ediyor") -> #REF! | K8: =VLOOKUP(B8,#REF!,2,0) -> #REF! | L8: =YEAR(K8) -> #REF! | M8: =+K8+O8 -> #REF! | N8: =VLOOKUP(B8,#REF!,2,0) -> #REF! | O8: 90 | P8: =+N8-K8 -> #REF! | Q8: =+YEAR(N8) -> #REF! | R8: =IF(P8<O8,1,1-(ABS(O8-P8)/O8)) -> #REF! | S8: 12 | T8: =+SUMIF(#REF!,'Özet Durum'!B8,#REF!) -> #REF! | U8: =+S8-T8 -> #REF! | V8: =+T8/S8 -> #REF! | W8: 1347500 | X8: =IF(T8<S8/2," ",IF(T8=S8/2,"1.Anket Zamanı Geldi",IF(T8>S8/2,"2.Anket Zamanı Geldi"))) -> #REF! | Y8: 0.73
A9: 8 | B9: KMF-2021-VKO-02-008 | C9: Sar Profil | D9: Kayseri | E9: Mobilya | F9: Furkan Yiğit | G9: Tam Zamanlı | H9: ÖD-3 | I9: VKO | J9: =+IF(V9=1,"Tamamlandı","Devam Ediyor") -> #REF! | K9: =VLOOKUP(B9,#REF!,2,0) -> #REF! | L9: =YEAR(K9) -> #REF! | M9: =+K9+O9 -> #REF! | N9: =VLOOKUP(B9,#REF!,2,0) -> #REF! | O9: 90 | P9: =+N9-K9 -> #REF! | Q9: =+YEAR(N9) -> #REF! | R9: =IF(P9<O9,1,1-(ABS(O9-P9)/O9)) -> #REF! | S9: 12 | T9: =+SUMIF(#REF!,'Özet Durum'!B9,#REF!) -> #REF! | U9: =+S9-T9 -> #REF! | V9: =+T9/S9 -> #REF! | W9: 313932 | X9: =IF(T9<S9/2," ",IF(T9=S9/2,"1.Anket Zamanı Geldi",IF(T9>S9/2,"2.Anket Zamanı Geldi"))) -> #REF! | Y9: 1
A10: 9 | B10: KMF-2021-VKO-03-009 | C10: Mondi | D10: Kayseri | E10: Mobilya | F10: Emre Koşar | G10: Tam Zamanlı | H10: ÖD-2 | I10: VKO | J10: =+IF(V10=1,"Tamamlandı","Devam Ediyor") -> #REF! | K10: =VLOOKUP(B10,#REF!,2,0) -> #REF! | L10: =YEAR(K10) -> #REF! | M10: =+K10+O10 -> #REF! | N10: =VLOOKUP(B10,#REF!,2,0) -> #REF! | O10: 90 | P10: =+N10-K10 -> #REF! | Q10: =+YEAR(N10) -> #REF! | R10: =IF(P10<O10,1,1-(ABS(O10-P10)/O10)) -> #REF! | S10: 12 | T10: =+SUMIF(#REF!,'Özet Durum'!B10,#REF!) -> #REF! | U10: =+S10-T10 -> #REF! | V10: =+T10/S10 -> #REF! | W10: 534000 | X10: =IF(T10<S10/2," ",IF(T10=S10/2,"1.Anket Zamanı Geldi",IF(T10>S10/2,"2.Anket Zamanı Geldi"))) -> #REF! | Y10: 0.96
A11: 10 | B11: KMF-2021-VKO-04-010 | C11: Mundo | D11: Kayseri | E11: Mobilya | F11: Beyza Kaçar | G11: Tam Zamanlı | H11: ÖD-3 | I11: VKO | J11: =+IF(V11=1,"Tamamlandı","Devam Ediyor") -> #REF! | K11: =VLOOKUP(B11,#REF!,2,0) -> #REF! | L11: =YEAR(K11) -> #REF! | M11: =+K11+O11 -> #REF! | N11: =VLOOKUP(B11,#REF!,2,0) -> #REF! | O11: 90 | P11: =+N11-K11 -> #REF! | Q11: =+YEAR(N11) -> #REF! | R11: =IF(P11<O11,1,1-(ABS(O11-P11)/O11)) -> #REF! | S11: 12 | T11: =+SUMIF(#REF!,'Özet Durum'!B11,#REF!) -> #REF! | U11: =+S11-T11 -> #REF! | V11: =+T11/S11 -> #REF! | W11: 0 | X11: =IF(T11<S11/2," ",IF(T11=S11/2,"1.Anket Zamanı Geldi",IF(T11>S11/2,"2.Anket Zamanı Geldi"))) -> #REF! | Y11: 0.84
A12: 11 | B12: KMF-2021-VKO-05-011 | C12: Serhat | D12: Kayseri | E12: Mobilya | F12: İsmet Söylemez | G12: Yarı Zamanlı | H12: ÖD-2 | I12: VKO | J12: =+IF(V12=1,"Tamamlandı","Devam Ediyor") -> #REF! | K12: =VLOOKUP(B12,#REF!,2,0) -> #REF! | L12: =YEAR(K12) -> #REF! | M12: =+K12+O12 -> #REF! | N12: =VLOOKUP(B12,#REF!,2,0) -> #REF! | O12: 90 | P12: =+N12-K12 -> #REF! | Q12: =+YEAR(N12) -> #REF! | R12: =IF(P12<O12,1,1-(ABS(O12-P12)/O12)) -> #REF! | S12: 12 | T12: =+SUMIF(#REF!,'Özet Durum'!B12,#REF!) -> #REF! | U12: =+S12-T12 -> #REF! | V12: =+T12/S12 -> #REF! | W12: 352000 | X12: =IF(T12<S12/2," ",IF(T12=S12/2,"1.Anket Zamanı Geldi",IF(T12>S12/2,"2.Anket Zamanı Geldi"))) -> #REF!
A13: 12 | B13: KMF-2021-VKO-06-012 | C13: Viva | D13: Kayseri | E13: Mobilya | F13: Erdal Yaylacı | G13: Yarı Zamanlı | H13: ÖD-3 | I13: VKO | J13: =+IF(V13=1,"Tamamlandı","Devam Ediyor") -> #REF! | K13: =VLOOKUP(B13,#REF!,2,0) -> #REF! | L13: =YEAR(K13) -> #REF! | M13: =+K13+O13 -> #REF! | N13: =VLOOKUP(B13,#REF!,2,0) -> #REF! | O13: 90 | P13: =+N13-K13 -> #REF! | Q13: =+YEAR(N13) -> #REF! | R13: =IF(P13<O13,1,1-(ABS(O13-P13)/O13)) -> #REF! | S13: 12 | T13: =+SUMIF(#REF!,'Özet Durum'!B13,#REF!) -> #REF! | U13: =+S13-T13 -> #REF! | V13: =+T13/S13 -> #REF! | W13: 3847000 | X13: =IF(T13<S13/2," ",IF(T13=S13/2,"1.Anket Zamanı Geldi",IF(T13>S13/2,"2.Anket Zamanı Geldi"))) -> #REF! | Y13: 0.98
A14: 13 | B14: KMF-2021-VKO-07-013 | C14: Yataş | D14: Kayseri | E14: Mobilya | F14: Ebru Takcı | G14: Tam Zamanlı | H14: ÖD-2 | I14: VKO | J14: =+IF(V14=1,"Tamamlandı","Devam Ediyor") -> #REF! | K14: =VLOOKUP(B14,#REF!,2,0) -> #REF! | L14: =YEAR(K14) -> #REF! | M14: =+K14+O14 -> #REF! | N14: =VLOOKUP(B14,#REF!,2,0) -> #REF! | O14: 90 | P14: =+N14-K14 -> #REF! | Q14: =+YEAR(N14) -> #REF! | R14: =IF(P14<O14,1,1-(ABS(O14-P14)/O14)) -> #REF! | S14: 12 | T14: =+SUMIF(#REF!,'Özet Durum'!B14,#REF!) -> #REF! | U14: =+S14-T14 -> #REF! | V14: =+T14/S14 -> #REF! | W14: 3240000 | X14: =IF(T14<S14/2," ",IF(T14=S14/2,"1.Anket Zamanı Geldi",IF(T14>S14/2,"2.Anket Zamanı Geldi"))) -> #REF! | Y14: 0.98
A15: 14 | B15: KMF-2021-ÖDP-07-014 | C15: Armor | D15: Çorum | E15: Otomotiv Yan Sanayi | F15: Emre Koşar | G15: Tam Zamanlı | H15: ÖD-4 | I15: Öğren Dönüş | J15: =+IF(V15=1,"Tamamlandı","Devam Ediyor") -> #REF! | K15: =VLOOKUP(B15,#REF!,2,0) -> #REF! | L15: =YEAR(K15) -> #REF! | M15: =+K15+O15 -> #REF! | N15: =VLOOKUP(B15,#REF!,2,0) -> #REF! | O15: 150 | P15: =+N15-K15 -> #REF! | Q15: =+YEAR(N15) -> #REF! | R15: =IF(P15<O15,1,1-(ABS(O15-P15)/O15)) -> #REF! | S15: 18 | T15: =+SUMIF(#REF!,'Özet Durum'!B15,#REF!) -> #REF! | U15: =+S15-T15 -> #REF! | V15: =+T15/S15 -> #REF! | W15: 5352000 | X15: =IF(T15<S15/2," ",IF(T15=S15/2,"1.Anket Zamanı Geldi",IF(T15>S15/2,"2.Anket Zamanı Geldi"))) -> #REF! | Y15: 0.98
A16: 15 | B16: KMF-2021-ÖDP-08-015 | C16: Badem Pınarı | D16: Kırşehir | E16: Gıda | F16: Emre Koşar | G16: Tam Zamanlı | H16: ÖD-8 | I16: Öğren Dönüş | J16: =+IF(V16=1,"Tamamlandı","Devam Ediyor") -> #REF! | K16: =VLOOKUP(B16,#REF!,2,0) -> #REF! | L16: =YEAR(K16) -> #REF! | M16: =+K16+O16 -> #REF! | N16: =VLOOKUP(B16,#REF!,2,0) -> #REF! | O16: 150 | P16: =+N16-K16 -> #REF! | Q16: =+YEAR(N16) -> #REF! | R16: =IF(P16<O16,1,1-(ABS(O16-P16)/O16)) -> #REF! | S16: 20 | T16: =+SUMIF(#REF!,'Özet Durum'!B16,#REF!) -> #REF! | U16: =+S16-T16 -> #REF! | V16: =+T16/S16 -> #REF! | W16: 2550000 | X16: =IF(T16<S16/2," ",IF(T16=S16/2,"1.Anket Zamanı Geldi",IF(T16>S16/2,"2.Anket Zamanı Geldi"))) -> #REF! | Y16: 1
A17: 16 | B17: KMF-2021-ÖDP-09-016 | C17: Çelebi Kardeşler | D17: Aksaray | E17: Tekstil | F17: Furkan Yiğit | G17: Tam Zamanlı | H17: ÖD-8 | I17: Öğren Dönüş | J17: =+IF(V17=1,"Tamamlandı","Devam Ediyor") -> #REF! | K17: =VLOOKUP(B17,#REF!,2,0) -> #REF! | L17: =YEAR(K17) -> #REF! | M17: =+K17+O17 -> #REF! | N17: =VLOOKUP(B17,#REF!,2,0) -> #REF! | O17: 150 | P17: =+N17-K17 -> #REF! | Q17: =+YEAR(N17) -> #REF! | R17: =IF(P17<O17,1,1-(ABS(O17-P17)/O17)) -> #REF! | S17: 20 | T17: =+SUMIF(#REF!,'Özet Durum'!B17,#REF!) -> #REF! | U17: =+S17-T17 -> #REF! | V17: =+T17/S17 -> #REF! | W17: 0 | X17: =IF(T17<S17/2," ",IF(T17=S17/2,"1.Anket Zamanı Geldi",IF(T17>S17/2,"2.Anket Zamanı Geldi"))) -> #REF! | Y17: 1
A18: 17 | B18: KMF-2021-ÖDP-10-017 | C18: Formal Alüminyum | D18: Kayseri | E18: Metal | F18: Ebru Takcı | G18: Tam Zamanlı | H18: ÖD-4 | I18: Öğren Dönüş | J18: =+IF(V18=1,"Tamamlandı","Devam Ediyor") -> #REF! | K18: =VLOOKUP(B18,#REF!,2,0) -> #REF! | L18: =YEAR(K18) -> #REF! | M18: =+K18+O18 -> #REF! | N18: =VLOOKUP(B18,#REF!,2,0) -> #REF! | O18: 150 | P18: =+N18-K18 -> #REF! | Q18: =+YEAR(N18) -> #REF! | R18: =IF(P18<O18,1,1-(ABS(O18-P18)/O18)) -> #REF! | S18: 8 | T18: =+SUMIF(#REF!,'Özet Durum'!B18,#REF!) -> #REF! | U18: =+S18-T18 -> #REF! | V18: =+T18/S18 -> #REF! | W18: 0 | X18: =IF(T18<S18/2," ",IF(T18=S18/2,"1.Anket Zamanı Geldi",IF(T18>S18/2,"2.Anket Zamanı Geldi"))) -> #REF!
A19: 18 | B19: KMF-2021-ÖDP-11-018 | C19: Hedef Kablo | D19: Kayseri | E19: Metal | F19: Emre Koşar | G19: Tam Zamanlı | H19: ÖD-5 | I19: Öğren Dönüş | J19: =+IF(V19=1,"Tamamlandı","Devam Ediyor") -> #REF! | K19: =VLOOKUP(B19,#REF!,2,0) -> #REF! | L19: =YEAR(K19) -> #REF! | M19: =+K19+O19 -> #REF! | N19: =VLOOKUP(B19,#REF!,2,0) -> #REF! | O19: 250 | P19: =+N19-K19 -> #REF! | Q19: =+YEAR(N19) -> #REF! | R19: =IF(P19<O19,1,1-(ABS(O19-P19)/O19)) -> #REF! | S19: 19 | T19: =+SUMIF(#REF!,'Özet Durum'!B19,#REF!) -> #REF! | U19: =+S19-T19 -> #REF! | V19: =+T19/S19 -> #REF! | W19: =18000000-W14 -> 14760000 | X19: =IF(T19<S19/2," ",IF(T19=S19/2,"1.Anket Zamanı Geldi",IF(T19>S19/2,"2.Anket Zamanı Geldi"))) -> #REF! | Y19: 1
A20: 19 | B20: KMF-2021-ÖDP-12-019 | C20: Somçelik | D20: Kayseri | E20: Metal | F20: Beyza Kaçar | G20: Tam Zamanlı | H20: ÖD-5 | I20: Öğren Dönüş | J20: =+IF(V20=1,"Tamamlandı","Devam Ediyor") -> #REF! | K20: =VLOOKUP(B20,#REF!,2,0) -> #REF! | L20: =YEAR(K20) -> #REF! | M20: =+K20+O20 -> #REF! | N20: =VLOOKUP(B20,#REF!,2,0) -> #REF! | O20: 150 | P20: =+N20-K20 -> #REF! | Q20: =+YEAR(N20) -> #REF! | R20: =IF(P20<O20,1,1-(ABS(O20-P20)/O20)) -> #REF! | S20: 25 | T20: =+SUMIF(#REF!,'Özet Durum'!B20,#REF!) -> #REF! | U20: =+S20-T20 -> #REF! | V20: =+T20/S20 -> #REF! | W20: 1213777 | X20: =IF(T20<S20/2," ",IF(T20=S20/2,"1.Anket Zamanı Geldi",IF(T20>S20/2,"2.Anket Zamanı Geldi"))) -> #REF! | Y20: 0.94
A21: 20 | B21: KMF-2021-VKO-08-020 | C21: Formal Alüminyum | D21: Kayseri | E21: Metal | F21: Ebru Takcı | G21: Tam Zamanlı | H21: ÖD-5 | I21: VKO | J21: =+IF(V21=1,"Tamamlandı","Devam Ediyor") -> #REF! | K21: =VLOOKUP(B21,#REF!,2,0) -> #REF! | L21: =YEAR(K21) -> #REF! | M21: =+K21+O21 -> #REF! | N21: =VLOOKUP(B21,#REF!,2,0) -> #REF! | O21: 90 | P21: =+N21-K21 -> #REF! | Q21: =+YEAR(N21) -> #REF! | R21: =IF(P21<O21,1,1-(ABS(O21-P21)/O21)) -> #REF! | S21: 12 | T21: =+SUMIF(#REF!,'Özet Durum'!B21,#REF!) -> #REF! | U21: =+S21-T21 -> #REF! | V21: =+T21/S21 -> #REF! | W21: 4560000 | X21: =IF(T21<S21/2," ",IF(T21=S21/2,"1.Anket Zamanı Geldi",IF(T21>S21/2,"2.Anket Zamanı Geldi"))) -> #REF!
A22: 21 | B22: KMF-2021-VKO-09-021 | C22: Hedef Kablo | D22: Kayseri | E22: Metal | F22: Emre Koşar | G22: Tam Zamanlı | H22: ÖD-4 | I22: VKO | J22: =+IF(V22=1,"Tamamlandı","Devam Ediyor") -> #REF! | K22: =VLOOKUP(B22,#REF!,2,0) -> #REF! | L22: =YEAR(K22) -> #REF! | M22: =+K22+O22 -> #REF! | N22: =VLOOKUP(B22,#REF!,2,0) -> #REF! | O22: 90 | P22: =+N22-K22 -> #REF! | Q22: =+YEAR(N22) -> #REF! | R22: =IF(P22<O22,1,1-(ABS(O22-P22)/O22)) -> #REF! | S22: 15 | T22: =+SUMIF(#REF!,'Özet Durum'!B22,#REF!) -> #REF! | U22: =+S22-T22 -> #REF! | V22: =+T22/S22 -> #REF! | W22: 6830000 | X22: =IF(T22<S22/2," ",IF(T22=S22/2,"1.Anket Zamanı Geldi",IF(T22>S22/2,"2.Anket Zamanı Geldi"))) -> #REF! | Y22: 1
A23: 22 | B23: KMF-2021-VKO-10-022 | C23: Somçelik | D23: Kayseri | E23: Metal | F23: Beyza Kaçar | G23: Tam Zamanlı | H23: ÖD-4 | I23: VKO | J23: =+IF(V23=1,"Tamamlandı","Devam Ediyor") -> #REF! | K23: =VLOOKUP(B23,#REF!,2,0) -> #REF! | L23: =YEAR(K23) -> #REF! | M23: =+K23+O23 -> #REF! | N23: =VLOOKUP(B23,#REF!,2,0) -> #REF! | O23: 90 | P23: =+N23-K23 -> #REF! | Q23: =+YEAR(N23) -> #REF! | R23: =IF(P23<O23,1,1-(ABS(O23-P23)/O23)) -> #REF! | S23: 12.5 | T23: =+SUMIF(#REF!,'Özet Durum'!B23,#REF!) -> #REF! | U23: =+S23-T23 -> #REF! | V23: =+T23/S23 -> #REF! | W23: 969000 | X23: =IF(T23<S23/2," ",IF(T23=S23/2,"1.Anket Zamanı Geldi",IF(T23>S23/2,"2.Anket Zamanı Geldi"))) -> #REF! | Y23: 0.94
A24: 23 | B24: KMF-2021-ÖDP-13-023 | C24: Arkopa | D24: Kayseri | E24: Mobilya | F24: Ebru Takcı | G24: Tam Zamanlı | H24: ÖD-8 | I24: Öğren Dönüş | J24: =+IF(V24=1,"Tamamlandı","Devam Ediyor") -> #REF! | K24: =VLOOKUP(B24,#REF!,2,0) -> #REF! | L24: =YEAR(K24) -> #REF! | M24: =+K24+O24 -> #REF! | N24: =VLOOKUP(B24,#REF!,2,0) -> #REF! | O24: 150 | P24: =+N24-K24 -> #REF! | Q24: =+YEAR(N24) -> #REF! | R24: =IF(P24<O24,1,1-(ABS(O24-P24)/O24)) -> #REF! | S24: 23 | T24: =+SUMIF(#REF!,'Özet Durum'!B24,#REF!) -> #REF! | U24: =+S24-T24 -> #REF! | V24: =+T24/S24 -> #REF! | W24: 5250000 | X24: =IF(T24<S24/2," ",IF(T24=S24/2,"1.Anket Zamanı Geldi",IF(T24>S24/2,"2.Anket Zamanı Geldi"))) -> #REF! | Y24: 0.98
A25: 24 | B25: KMF-2021-ÖDP-14-024 | C25: Mitsan | D25: Kayseri | E25: Mobilya | F25: Furkan Yiğit | G25: Tam Zamanlı | H25: ÖD-9 | I25: Öğren Dönüş | J25: =+IF(V25=1,"Tamamlandı","Devam Ediyor") -> #REF! | K25: =VLOOKUP(B25,#REF!,2,0) -> #REF! | L25: =YEAR(K25) -> #REF! | M25: =+K25+O25 -> #REF! | N25: =VLOOKUP(B25,#REF!,2,0) -> #REF! | O25: 150 | P25: =+N25-K25 -> #REF! | Q25: =+YEAR(N25) -> #REF! | R25: =IF(P25<O25,1,1-(ABS(O25-P25)/O25)) -> #REF! | S25: 4.5 | T25: =+SUMIF(#REF!,'Özet Durum'!B25,#REF!) -> #REF! | U25: =+S25-T25 -> #REF! | V25: =+T25/S25 -> #REF! | W25: 0 | X25: =IF(T25<S25/2," ",IF(T25=S25/2,"1.Anket Zamanı Geldi",IF(T25>S25/2,"2.Anket Zamanı Geldi"))) -> #REF! | Y25: 1
A26: 25 | B26: KMF-2021-ÖDP-15-025 | C26: Sarıgözoğlu | D26: Aksaray | E26: Otomotiv Yan Sanayi | F26: Ersoy Türel | G26: Yarı Zamanlı | H26: 5.ÖD | I26: Öğren Dönüş | J26: =+IF(V26=1,"Tamamlandı","Devam Ediyor") -> Tamamlandı | K26: =VLOOKUP(B26,#REF!,2,0) -> #REF! | L26: =YEAR(K26) -> #REF! | M26: =+K26+O26 -> #REF! | N26: =VLOOKUP(B26,#REF!,2,0) -> #REF! | O26: 150 | P26: =+N26-K26 -> #REF! | Q26: =+YEAR(N26) -> #REF! | R26: =IF(P26<O26,1,1-(ABS(O26-P26)/O26)) -> #REF! | S26: 15 | T26: 15 | U26: =+S26-T26 -> 0 | V26: =+T26/S26 -> 1 | W26: 381837 | X26: =IF(T26<S26/2," ",IF(T26=S26/2,"1.Anket Zamanı Geldi",IF(T26>S26/2,"2.Anket Zamanı Geldi"))) -> 2.Anket Zamanı Geldi | Y26: 0.93
A27: 26 | B27: KMF-2021-VKO-11-026 | C27: Arkopa | D27: Kayseri | E27: Mobilya | F27: Ebru Takcı | G27: Tam Zamanlı | H27: ÖD-7 | I27: VKO | J27: =+IF(V27=1,"Tamamlandı","Devam Ediyor") -> #REF! | K27: =VLOOKUP(B27,#REF!,2,0) -> #REF! | L27: =YEAR(K27) -> #REF! | M27: =+K27+O27 -> #REF! | N27: =VLOOKUP(B27,#REF!,2,0) -> #REF! | O27: 90 | P27: =+N27-K27 -> #REF! | Q27: =+YEAR(N27) -> #REF! | R27: =IF(P27<O27,1,1-(ABS(O27-P27)/O27)) -> #REF! | S27: 12 | T27: =+SUMIF(#REF!,'Özet Durum'!B27,#REF!) -> #REF! | U27: =+S27-T27 -> #REF! | V27: =+T27/S27 -> #REF! | W27: =793500*2 -> 1587000 | X27: =IF(T27<S27/2," ",IF(T27=S27/2,"1.Anket Zamanı Geldi",IF(T27>S27/2,"2.Anket Zamanı Geldi"))) -> #REF! | Y27: 0.98
A28: 27 | B28: KMF-2021-VKO-12-027 | C28: Büşra Kaçan (Paşa) | D28: Kayseri | E28: Mobilya | F28: Erdal Yaylacı | G28: Yarı Zamanlı | H28: ÖD-6 | I28: VKO | J28: =+IF(V28=1,"Tamamlandı","Devam Ediyor") -> #REF! | K28: =VLOOKUP(B28,#REF!,2,0) -> #REF! | L28: =YEAR(K28) -> #REF! | M28: =+K28+O28 -> #REF! | N28: =VLOOKUP(B28,#REF!,2,0) -> #REF! | O28: 90 | P28: =+N28-K28 -> #REF! | Q28: =+YEAR(N28) -> #REF! | R28: =IF(P28<O28,1,1-(ABS(O28-P28)/O28)) -> #REF! | S28: 9 | T28: =+SUMIF(#REF!,'Özet Durum'!B28,#REF!) -> #REF! | U28: =+S28-T28 -> #REF! | V28: =+T28/S28 -> #REF! | W28: 660000 | X28: =IF(T28<S28/2," ",IF(T28=S28/2,"1.Anket Zamanı Geldi",IF(T28>S28/2,"2.Anket Zamanı Geldi"))) -> #REF!
A29: 28 | B29: KMF-2021-VKO-13-028 | C29: Doqu | D29: Kayseri | E29: Mobilya | F29: Erdal Yaylacı | G29: Yarı Zamanlı | H29: ÖD-7 | I29: VKO | J29: =+IF(V29=1,"Tamamlandı","Devam Ediyor") -> #REF! | K29: =VLOOKUP(B29,#REF!,2,0) -> #REF! | L29: =YEAR(K29) -> #REF! | M29: =+K29+O29 -> #REF! | N29: =VLOOKUP(B29,#REF!,2,0) -> #REF! | O29: 90 | P29: =+N29-K29 -> #REF! | Q29: =+YEAR(N29) -> #REF! | R29: =IF(P29<O29,1,1-(ABS(O29-P29)/O29)) -> #REF! | S29: 9 | T29: =+SUMIF(#REF!,'Özet Durum'!B29,#REF!) -> #REF! | U29: =+S29-T29 -> #REF! | V29: =+T29/S29 -> #REF! | W29: 2237440 | X29: =IF(T29<S29/2," ",IF(T29=S29/2,"1.Anket Zamanı Geldi",IF(T29>S29/2,"2.Anket Zamanı Geldi"))) -> #REF! | Y29: 0.91
A30: 29 | B30: KMF-2021-VKO-14-029 | C30: Elizan | D30: Kayseri | E30: Mobilya | F30: Adem Göleç | G30: Yarı Zamanlı | H30: ÖD-7 | I30: VKO | J30: =+IF(V30=1,"Tamamlandı","Devam Ediyor") -> #REF! | K30: =VLOOKUP(B30,#REF!,2,0) -> #REF! | L30: =YEAR(K30) -> #REF! | M30: =+K30+O30 -> #REF! | N30: =VLOOKUP(B30,#REF!,2,0) -> #REF! | O30: 90 | P30: =+N30-K30 -> #REF! | Q30: =+YEAR(N30) -> #REF! | R30: =IF(P30<O30,1,1-(ABS(O30-P30)/O30)) -> #REF! | S30: 10 | T30: =+SUMIF(#REF!,'Özet Durum'!B30,#REF!) -> #REF! | U30: =+S30-T30 -> #REF! | V30: =+T30/S30 -> #REF! | W30: 0 | X30: =IF(T30<S30/2," ",IF(T30=S30/2,"1.Anket Zamanı Geldi",IF(T30>S30/2,"2.Anket Zamanı Geldi"))) -> #REF!
A31: 30 | B31: KMF-2021-VKO-15-030 | C31: Ergül | D31: Kayseri | E31: Mobilya | F31: Furkan Yiğit | G31: Tam Zamanlı | H31: ÖD-7 | I31: VKO | J31: =+IF(V31=1,"Tamamlandı","Devam Ediyor") -> #REF! | K31: =VLOOKUP(B31,#REF!,2,0) -> #REF! | L31: =YEAR(K31) -> #REF! | M31: =+K31+O31 -> #REF! | N31: =VLOOKUP(B31,#REF!,2,0) -> #REF! | O31: 90 | P31: =+N31-K31 -> #REF! | Q31: =+YEAR(N31) -> #REF! | R31: =IF(P31<O31,1,1-(ABS(O31-P31)/O31)) -> #REF! | S31: 12 | T31: =+SUMIF(#REF!,'Özet Durum'!B31,#REF!) -> #REF! | U31: =+S31-T31 -> #REF! | V31: =+T31/S31 -> #REF! | W31: 779712 | X31: =IF(T31<S31/2," ",IF(T31=S31/2,"1.Anket Zamanı Geldi",IF(T31>S31/2,"2.Anket Zamanı Geldi"))) -> #REF! | Y31: 1
A32: 31 | B32: KMF-2021-VKO-16-031 | C32: Ladin | D32: Kayseri | E32: Mobilya | F32: Ebru Takcı | G32: Tam Zamanlı | H32: ÖD-6 | I32: VKO | J32: =+IF(V32=1,"Tamamlandı","Devam Ediyor") -> #REF! | K32: =VLOOKUP(B32,#REF!,2,0) -> #REF! | L32: =YEAR(K32) -> #REF! | M32: =+K32+O32 -> #REF! | N32: =VLOOKUP(B32,#REF!,2,0) -> #REF! | O32: 90 | P32: =+N32-K32 -> #REF! | Q32: =+YEAR(N32) -> #REF! | R32: =IF(P32<O32,1,1-(ABS(O32-P32)/O32)) -> #REF! | S32: 12 | T32: =+SUMIF(#REF!,'Özet Durum'!B32,#REF!) -> #REF! | U32: =+S32-T32 -> #REF! | V32: =+T32/S32 -> #REF! | W32: 881192 | X32: =IF(T32<S32/2," ",IF(T32=S32/2,"1.Anket Zamanı Geldi",IF(T32>S32/2,"2.Anket Zamanı Geldi"))) -> #REF! | Y32: 0.98
A33: 32 | B33: KMF-2021-VKO-17-032 | C33: Lükssan | D33: Kayseri | E33: Mobilya | F33: Furkan Yiğit | G33: Tam Zamanlı | H33: ÖD-6 | I33: VKO | J33: =+IF(V33=1,"Tamamlandı","Devam Ediyor") -> #REF! | K33: =VLOOKUP(B33,#REF!,2,0) -> #REF! | L33: =YEAR(K33) -> #REF! | M33: =+K33+O33 -> #REF! | N33: =VLOOKUP(B33,#REF!,2,0) -> #REF! | O33: 90 | P33: =+N33-K33 -> #REF! | Q33: =+YEAR(N33) -> #REF! | R33: =IF(P33<O33,1,1-(ABS(O33-P33)/O33)) -> #REF! | S33: 12 | T33: =+SUMIF(#REF!,'Özet Durum'!B33,#REF!) -> #REF! | U33: =+S33-T33 -> #REF! | V33: =+T33/S33 -> #REF! | W33: 5265000 | X33: =IF(T33<S33/2," ",IF(T33=S33/2,"1.Anket Zamanı Geldi",IF(T33>S33/2,"2.Anket Zamanı Geldi"))) -> #REF! | Y33: 0.77
A34: 33 | B34: KMF-2021-VKO-18-033 | C34: Mitsan | D34: Kayseri | E34: Mobilya | F34: Furkan Yiğit | G34: Tam Zamanlı | H34: ÖD-8 | I34: VKO | J34: =+IF(V34=1,"Tamamlandı","Devam Ediyor") -> #REF! | K34: =VLOOKUP(B34,#REF!,2,0) -> #REF! | L34: =YEAR(K34) -> #REF! | M34: =+K34+O34 -> #REF! | N34: =VLOOKUP(B34,#REF!,2,0) -> #REF! | O34: 90 | P34: =+N34-K34 -> #REF! | Q34: =+YEAR(N34) -> #REF! | R34: =IF(P34<O34,1,1-(ABS(O34-P34)/O34)) -> #REF! | S34: 15 | T34: =+SUMIF(#REF!,'Özet Durum'!B34,#REF!) -> #REF! | U34: =+S34-T34 -> #REF! | V34: =+T34/S34 -> #REF! | W34: 0 | X34: =IF(T34<S34/2," ",IF(T34=S34/2,"1.Anket Zamanı Geldi",IF(T34>S34/2,"2.Anket Zamanı Geldi"))) -> #REF! | Y34: 1
A35: 34 | B35: KMF-2021-VKO-19-034 | C35: Zeytin | D35: Kayseri | E35: Mobilya | F35: Batuhan Kızılışık | G35: Yarı Zamanlı | H35: ÖD-6 | I35: VKO | J35: =+IF(V35=1,"Tamamlandı","Devam Ediyor") -> #REF! | K35: =VLOOKUP(B35,#REF!,2,0) -> #REF! | L35: =YEAR(K35) -> #REF! | M35: =+K35+O35 -> #REF! | N35: =VLOOKUP(B35,#REF!,2,0) -> #REF! | O35: 90 | P35: =+N35-K35 -> #REF! | Q35: =+YEAR(N35) -> #REF! | R35: =IF(P35<O35,1,1-(ABS(O35-P35)/O35)) -> #REF! | S35: 10 | T35: =+SUMIF(#REF!,'Özet Durum'!B35,#REF!) -> #REF! | U35: =+S35-T35 -> #REF! | V35: =+T35/S35 -> #REF! | W35: 900000 | X35: =IF(T35<S35/2," ",IF(T35=S35/2,"1.Anket Zamanı Geldi",IF(T35>S35/2,"2.Anket Zamanı Geldi"))) -> #REF! | Y35: 0.96
A36: 35 | B36: KMF-2022-ÖDP-16-035 | C36: Çemens | D36: Kayseri | E36: Gıda | F36: Emre Koşar | G36: Tam Zamanlı | H36: ÖD-10 | I36: Öğren Dönüş | J36: =+IF(V36=1,"Tamamlandı","Devam Ediyor") -> #REF! | K36: =VLOOKUP(B36,#REF!,2,0) -> #REF! | L36: =YEAR(K36) -> #REF! | M36: =+K36+O36 -> #REF! | N36: =VLOOKUP(B36,#REF!,2,0) -> #REF! | O36: 150 | P36: =+N36-K36 -> #REF! | Q36: =+YEAR(N36) -> #REF! | R36: =IF(P36<O36,1,1-(ABS(O36-P36)/O36)) -> #REF! | S36: 10 | T36: =+SUMIF(#REF!,'Özet Durum'!B36,#REF!) -> #REF! | U36: =+S36-T36 -> #REF! | V36: =+T36/S36 -> #REF! | W36: 925000 | X36: =IF(T36<S36/2," ",IF(T36=S36/2,"1.Anket Zamanı Geldi",IF(T36>S36/2,"2.Anket Zamanı Geldi"))) -> #REF!
A37: 36 | B37: KMF-2022-ÖDP-17-036 | C37: Kayseri Yem | D37: Kayseri | E37: Hayvansal Gıda | F37: Erdal Yaylacı | G37: Yarı Zamanlı | H37: ÖD-10 | I37: Öğren Dönüş | J37: =+IF(V37=1,"Tamamlandı","Devam Ediyor") -> #REF! | K37: =VLOOKUP(B37,#REF!,2,0) -> #REF! | L37: =YEAR(K37) -> #REF! | M37: =+K37+O37 -> #REF! | N37: =VLOOKUP(B37,#REF!,2,0) -> #REF! | O37: 210 | P37: =+N37-K37 -> #REF! | Q37: =+YEAR(N37) -> #REF! | R37: =IF(P37<O37,1,1-(ABS(O37-P37)/O37)) -> #REF! | S37: 20 | T37: =+SUMIF(#REF!,'Özet Durum'!B37,#REF!) -> #REF! | U37: =+S37-T37 -> #REF! | V37: =+T37/S37 -> #REF! | W37: 0 | X37: =IF(T37<S37/2," ",IF(T37=S37/2,"1.Anket Zamanı Geldi",IF(T37>S37/2,"2.Anket Zamanı Geldi"))) -> #REF!
A38: 37 | B38: KMF-2022-ÖDP-18-037 | C38: Yataş | D38: Kayseri | E38: Mobilya | F38: Ebru Takcı | G38: Tam Zamanlı | H38: ÖD-10 | I38: Öğren Dönüş | J38: =+IF(V38=1,"Tamamlandı","Devam Ediyor") -> #REF! | K38: =VLOOKUP(B38,#REF!,2,0) -> #REF! | L38: =YEAR(K38) -> #REF! | M38: =+K38+O38 -> #REF! | N38: =VLOOKUP(B38,#REF!,2,0) -> #REF! | O38: 210 | P38: =+N38-K38 -> #REF! | Q38: =+YEAR(N38) -> #REF! | R38: =IF(P38<O38,1,1-(ABS(O38-P38)/O38)) -> #REF! | S38: 14 | T38: =+SUMIF(#REF!,'Özet Durum'!B38,#REF!) -> #REF! | U38: =+S38-T38 -> #REF! | V38: =+T38/S38 -> #REF! | W38: 2500000 | X38: =IF(T38<S38/2," ",IF(T38=S38/2,"1.Anket Zamanı Geldi",IF(T38>S38/2,"2.Anket Zamanı Geldi"))) -> #REF! | Y38: 0.97
A39: 38 | B39: KMF-2022-VKO-20-038 | C39: Aydın Madeni (Şamdan) | D39: Kayseri | E39: Beyaz Eşya | F39: Ersoy Türel | G39: Yarı Zamanlı | H39: ÖD-9 | I39: VKO | J39: =+IF(V39=1,"Tamamlandı","Devam Ediyor") -> #REF! | K39: =VLOOKUP(B39,#REF!,2,0) -> #REF! | L39: =YEAR(K39) -> #REF! | M39: =+K39+O39 -> #REF! | N39: =VLOOKUP(B39,#REF!,2,0) -> #REF! | O39: 90 | P39: =+N39-K39 -> #REF! | Q39: =+YEAR(N39) -> #REF! | R39: =IF(P39<O39,1,1-(ABS(O39-P39)/O39)) -> #REF! | S39: 13 | T39: =+SUMIF(#REF!,'Özet Durum'!B39,#REF!) -> #REF! | U39: =+S39-T39 -> #REF! | V39: =+T39/S39 -> #REF! | W39: 987624 | X39: =IF(T39<S39/2," ",IF(T39=S39/2,"1.Anket Zamanı Geldi",IF(T39>S39/2,"2.Anket Zamanı Geldi"))) -> #REF!
A40: 39 | B40: KMF-2022-VKO-21-039 | C40: Everest | D40: Kayseri | E40: Metal | F40: Erdal Yaylacı | G40: Yarı Zamanlı | H40: ÖD-9 | I40: VKO | J40: =+IF(V40=1,"Tamamlandı","Devam Ediyor") -> #REF! | K40: =VLOOKUP(B40,#REF!,2,0) -> #REF! | L40: =YEAR(K40) -> #REF! | M40: =+K40+O40 -> #REF! | N40: =VLOOKUP(B40,#REF!,2,0) -> #REF! | O40: 90 | P40: =+N40-K40 -> #REF! | Q40: =+YEAR(N40) -> #REF! | R40: =IF(P40<O40,1,1-(ABS(O40-P40)/O40)) -> #REF! | S40: 9 | T40: =+SUMIF(#REF!,'Özet Durum'!B40,#REF!) -> #REF! | U40: =+S40-T40 -> #REF! | V40: =+T40/S40 -> #REF! | W40: 1718000 | X40: =IF(T40<S40/2," ",IF(T40=S40/2,"1.Anket Zamanı Geldi",IF(T40>S40/2,"2.Anket Zamanı Geldi"))) -> #REF! | Y40: 0.97
A41: 40 | B41: KMF-2022-VKO-22-040 | C41: Kaymet | D41: Kayseri | E41: Metal | F41: Beyza Kaçar | G41: Tam Zamanlı | H41: ÖD-9 | I41: VKO | J41: =+IF(V41=1,"Tamamlandı","Devam Ediyor") -> #REF! | K41: =VLOOKUP(B41,#REF!,2,0) -> #REF! | L41: =YEAR(K41) -> #REF! | M41: =+K41+O41 -> #REF! | N41: =VLOOKUP(B41,#REF!,2,0) -> #REF! | O41: 90 | P41: =+N41-K41 -> #REF! | Q41: =+YEAR(N41) -> #REF! | R41: =IF(P41<O41,1,1-(ABS(O41-P41)/O41)) -> #REF! | S41: 12 | T41: =+SUMIF(#REF!,'Özet Durum'!B41,#REF!) -> #REF! | U41: =+S41-T41 -> #REF! | V41: =+T41/S41 -> #REF! | W41: 0 | X41: =IF(T41<S41/2," ",IF(T41=S41/2,"1.Anket Zamanı Geldi",IF(T41>S41/2,"2.Anket Zamanı Geldi"))) -> #REF! | Y41: 1
A42: 41 | B42: KMF-2022-VKO-23-041 | C42: Milenyum Metal | D42: Kayseri | E42: Metal | F42: Emre Koşar | G42: Tam Zamanlı | H42: ÖD-9 | I42: VKO | J42: =+IF(V42=1,"Tamamlandı","Devam Ediyor") -> #REF! | K42: =VLOOKUP(B42,#REF!,2,0) -> #REF! | L42: =YEAR(K42) -> #REF! | M42: =+K42+O42 -> #REF! | N42: =VLOOKUP(B42,#REF!,2,0) -> #REF! | O42: 90 | P42: =+N42-K42 -> #REF! | Q42: =+YEAR(N42) -> #REF! | R42: =IF(P42<O42,1,1-(ABS(O42-P42)/O42)) -> #REF! | S42: 12 | T42: =+SUMIF(#REF!,'Özet Durum'!B42,#REF!) -> #REF! | U42: =+S42-T42 -> #REF! | V42: =+T42/S42 -> #REF! | W42: 242000 | X42: =IF(T42<S42/2," ",IF(T42=S42/2,"1.Anket Zamanı Geldi",IF(T42>S42/2,"2.Anket Zamanı Geldi"))) -> #REF! | Y42: 0.93
A43: 42 | B43: KMF-2022-VKO-24-042 | C43: Boyçelik | D43: Kayseri | E43: Metal | F43: Ebru Takcı | G43: Tam Zamanlı | H43: ÖD-11 | I43: VKO | J43: =+IF(V43=1,"Tamamlandı","Devam Ediyor") -> #REF! | K43: =VLOOKUP(B43,#REF!,2,0) -> #REF! | L43: =YEAR(K43) -> #REF! | M43: =+K43+O43 -> #REF! | N43: =VLOOKUP(B43,#REF!,2,0) -> #REF! | O43: 90 | P43: =+N43-K43 -> #REF! | Q43: =+YEAR(N43) -> #REF! | R43: =IF(P43<O43,1,1-(ABS(O43-P43)/O43)) -> #REF! | S43: 12 | T43: =+SUMIF(#REF!,'Özet Durum'!B43,#REF!) -> #REF! | U43: =+S43-T43 -> #REF! | V43: =+T43/S43 -> #REF! | W43: 3187968 | X43: =IF(T43<S43/2," ",IF(T43=S43/2,"1.Anket Zamanı Geldi",IF(T43>S43/2,"2.Anket Zamanı Geldi"))) -> #REF! | Y43: 0.96
A44: 43 | B44: KMF-2022-VKO-25-043 | C44: Evger | D44: Kayseri | E44: Metal | F44: Beyza Kaçar | G44: Tam Zamanlı | H44: ÖD-11 | I44: VKO | J44: =+IF(V44=1,"Tamamlandı","Devam Ediyor") -> #REF! | K44: =VLOOKUP(B44,#REF!,2,0) -> #REF! | L44: =YEAR(K44) -> #REF! | M44: =+K44+O44 -> #REF! | N44: =VLOOKUP(B44,#REF!,2,0) -> #REF! | O44: 90 | P44: =+N44-K44 -> #REF! | Q44: =+YEAR(N44) -> #REF! | R44: =IF(P44<O44,1,1-(ABS(O44-P44)/O44)) -> #REF! | S44: 12 | T44: =+SUMIF(#REF!,'Özet Durum'!B44,#REF!) -> #REF! | U44: =+S44-T44 -> #REF! | V44: =+T44/S44 -> #REF! | W44: 550000 | X44: =IF(T44<S44/2," ",IF(T44=S44/2,"1.Anket Zamanı Geldi",IF(T44>S44/2,"2.Anket Zamanı Geldi"))) -> #REF!
A45: 44 | B45: KMF-2022-VKO-26-044 | C45: Kayplas | D45: Kayseri | E45: Mobilya | F45: Erdal Yaylacı | G45: Yarı Zamanlı | H45: ÖD-11 | I45: VKO | J45: =+IF(V45=1,"Tamamlandı","Devam Ediyor") -> #REF! | K45: =VLOOKUP(B45,#REF!,2,0) -> #REF! | L45: =YEAR(K45) -> #REF! | M45: =+K45+O45 -> #REF! | N45: =VLOOKUP(B45,#REF!,2,0) -> #REF! | O45: 90 | P45: =+N45-K45 -> #REF! | Q45: =+YEAR(N45) -> #REF! | R45: =IF(P45<O45,1,1-(ABS(O45-P45)/O45)) -> #REF! | S45: 9 | T45: =+SUMIF(#REF!,'Özet Durum'!B45,#REF!) -> #REF! | U45: =+S45-T45 -> #REF! | V45: =+T45/S45 -> #REF! | W45: 192000 | X45: =IF(T45<S45/2," ",IF(T45=S45/2,"1.Anket Zamanı Geldi",IF(T45>S45/2,"2.Anket Zamanı Geldi"))) -> #REF! | Y45: 1
A46: 45 | B46: KMF-2022-VKO-27-045 | C46: Lacivert | D46: Kayseri | E46: Mobilya | F46: Erdal Yaylacı | G46: Yarı Zamanlı | H46: ÖD-12 | I46: VKO | J46: =+IF(V46=1,"Tamamlandı","Devam Ediyor") -> #REF! | K46: =VLOOKUP(B46,#REF!,2,0) -> #REF! | L46: =YEAR(K46) -> #REF! | M46: =+K46+O46 -> #REF! | N46: =VLOOKUP(B46,#REF!,2,0) -> #REF! | O46: 90 | P46: =+N46-K46 -> #REF! | Q46: =+YEAR(N46) -> #REF! | R46: =IF(P46<O46,1,1-(ABS(O46-P46)/O46)) -> #REF! | S46: 9 | T46: =+SUMIF(#REF!,'Özet Durum'!B46,#REF!) -> #REF! | U46: =+S46-T46 -> #REF! | V46: =+T46/S46 -> #REF! | W46: 1056000 | X46: =IF(T46<S46/2," ",IF(T46=S46/2,"1.Anket Zamanı Geldi",IF(T46>S46/2,"2.Anket Zamanı Geldi"))) -> #REF!
A47: 46 | B47: KMF-2022-VKO-28-046 | C47: Nuh Yaşar | D47: Kayseri | E47: Metal | F47: Ersoy Türel | G47: Yarı Zamanlı | H47: ÖD-12 | I47: VKO | J47: =+IF(V47=1,"Tamamlandı","Devam Ediyor") -> #REF! | K47: =VLOOKUP(B47,#REF!,2,0) -> #REF! | L47: =YEAR(K47) -> #REF! | M47: =+K47+O47 -> #REF! | N47: =VLOOKUP(B47,#REF!,2,0) -> #REF! | O47: 90 | P47: =+N47-K47 -> #REF! | Q47: =+YEAR(N47) -> #REF! | R47: =IF(P47<O47,1,1-(ABS(O47-P47)/O47)) -> #REF! | S47: 9 | T47: =+SUMIF(#REF!,'Özet Durum'!B47,#REF!) -> #REF! | U47: =+S47-T47 -> #REF! | V47: =+T47/S47 -> #REF! | W47: 148680 | X47: =IF(T47<S47/2," ",IF(T47=S47/2,"1.Anket Zamanı Geldi",IF(T47>S47/2,"2.Anket Zamanı Geldi"))) -> #REF!
A48: 47 | B48: KMF-2022-VKO-29-047 | C48: Simfer | D48: Kayseri | E48: Beyaz Eşya | F48: Furkan Yiğit | G48: Tam Zamanlı | H48: ÖD-12 | I48: VKO | J48: =+IF(V48=1,"Tamamlandı","Devam Ediyor") -> #REF! | K48: =VLOOKUP(B48,#REF!,2,0) -> #REF! | L48: =YEAR(K48) -> #REF! | M48: =+K48+O48 -> #REF! | N48: =VLOOKUP(B48,#REF!,2,0) -> #REF! | O48: 90 | P48: =+N48-K48 -> #REF! | Q48: =+YEAR(N48) -> #REF! | R48: =IF(P48<O48,1,1-(ABS(O48-P48)/O48)) -> #REF! | S48: 12 | T48: =+SUMIF(#REF!,'Özet Durum'!B48,#REF!) -> #REF! | U48: =+S48-T48 -> #REF! | V48: =+T48/S48 -> #REF! | W48: 757000 | X48: =IF(T48<S48/2," ",IF(T48=S48/2,"1.Anket Zamanı Geldi",IF(T48>S48/2,"2.Anket Zamanı Geldi"))) -> #REF!
A49: 48 | B49: KMF-2022-BUP-01-048 | C49: Armor | D49: Çorum | E49: Otomotiv Yan Sanayi | F49: Emre Koşar | G49: Tam Zamanlı | I49: Butik Proje | J49: =+IF(V49=1,"Tamamlandı","Devam Ediyor") -> #REF! | K49: =VLOOKUP(B49,#REF!,2,0) -> #REF! | L49: =YEAR(K49) -> #REF! | M49: =+K49+O49 -> #REF! | N49: =VLOOKUP(B49,#REF!,2,0) -> #REF! | O49: 300 | P49: =+N49-K49 -> #REF! | Q49: =+YEAR(N49) -> #REF! | R49: =IF(P49<O49,1,1-(ABS(O49-P49)/O49)) -> #REF! | S49: 20 | T49: =+SUMIF(#REF!,'Özet Durum'!B49,#REF!) -> #REF! | U49: =+S49-T49 -> #REF! | V49: =+T49/S49 -> #REF! | W49: 0 | X49: =IF(T49<S49/2," ",IF(T49=S49/2,"1.Anket Zamanı Geldi",IF(T49>S49/2,"2.Anket Zamanı Geldi"))) -> #REF! | Y49: 0.98
A50: 49 | B50: KMF-2021-BUP-02-049 | C50: GMM | D50: Kayseri | E50: Makine | F50: Engin Eroğlu | G50: Yarı Zamanlı | I50: Butik Proje | J50: =+IF(V50=1,"Tamamlandı","Devam Ediyor") -> #REF! | K50: =VLOOKUP(B50,#REF!,2,0) -> #REF! | L50: =YEAR(K50) -> #REF! | M50: =+K50+O50 -> #REF! | N50: =VLOOKUP(B50,#REF!,2,0) -> #REF! | O50: 90 | P50: =+N50-K50 -> #REF! | Q50: =+YEAR(N50) -> #REF! | R50: =IF(P50<O50,1,1-(ABS(O50-P50)/O50)) -> #REF! | S50: 10 | T50: =+SUMIF(#REF!,'Özet Durum'!B50,#REF!) -> #REF! | U50: =+S50-T50 -> #REF! | V50: =+T50/S50 -> #REF! | W50: 0 | X50: =IF(T50<S50/2," ",IF(T50=S50/2,"1.Anket Zamanı Geldi",IF(T50>S50/2,"2.Anket Zamanı Geldi"))) -> #REF! | Y50: 1
A51: 50 | B51: KMF-2022-ÖDP-24-050 | C51: Meissa | D51: Kayseri | E51: Medikal | F51: İbrahim Akgün - İsmet Söylemez | G51: Yarı Zamanlı | I51: Medikal Sektörü(ÖD) | J51: =+IF(V51=1,"Tamamlandı","Devam Ediyor") -> #REF! | K51: =VLOOKUP(B51,#REF!,2,0) -> #REF! | L51: =YEAR(K51) -> #REF! | M51: =+K51+O51 -> #REF! | N51: =VLOOKUP(B51,#REF!,2,0) -> #REF! | O51: 150 | P51: =+N51-K51 -> #REF! | Q51: =+YEAR(N51) -> #REF! | R51: =IF(P51<O51,1,1-(ABS(O51-P51)/O51)) -> #REF! | S51: 20 | T51: =+SUMIF(#REF!,'Özet Durum'!B51,#REF!) -> #REF! | U51: =+S51-T51 -> #REF! | V51: =+T51/S51 -> #REF! | W51: 1220000 | X51: =IF(T51<S51/2," ",IF(T51=S51/2,"1.Anket Zamanı Geldi",IF(T51>S51/2,"2.Anket Zamanı Geldi"))) -> #REF!
A52: 51 | B52: KMF-2022-ÖDP-19-051 | C52: Kaymet | D52: Kayseri | E52: Metal | F52: Beyza Kaçar | G52: Tam Zamanlı | H52: ÖD-14 | I52: Öğren Dönüş | J52: =+IF(V52=1,"Tamamlandı","Devam Ediyor") -> #REF! | K52: =VLOOKUP(B52,#REF!,2,0) -> #REF! | L52: =YEAR(K52) -> #REF! | M52: =+K52+O52 -> #REF! | N52: =VLOOKUP(B52,#REF!,2,0) -> #REF! | O52: 150 | P52: =+N52-K52 -> #REF! | Q52: =+YEAR(N52) -> #REF! | R52: =IF(P52<O52,1,1-(ABS(O52-P52)/O52)) -> #REF! | S52: 20 | T52: =+SUMIF(#REF!,'Özet Durum'!B52,#REF!) -> #REF! | U52: =+S52-T52 -> #REF! | V52: =+T52/S52 -> #REF! | W52: 270000 | X52: =IF(T52<S52/2," ",IF(T52=S52/2,"1.Anket Zamanı Geldi",IF(T52>S52/2,"2.Anket Zamanı Geldi"))) -> #REF! | Y52: 1
A53: 52 | B53: KMF-2022-ÖDP-20-052 | C53: Ladin | D53: Kayseri | E53: Mobilya | F53: Ebru Takcı | G53: Tam Zamanlı | H53: ÖD-14 | I53: Öğren Dönüş | J53: =+IF(V53=1,"Tamamlandı","Devam Ediyor") -> #REF! | K53: =VLOOKUP(B53,#REF!,2,0) -> #REF! | L53: =YEAR(K53) -> #REF! | M53: =+K53+O53 -> #REF! | N53: =VLOOKUP(B53,#REF!,2,0) -> #REF! | O53: 150 | P53: =+N53-K53 -> #REF! | Q53: =+YEAR(N53) -> #REF! | R53: =IF(P53<O53,1,1-(ABS(O53-P53)/O53)) -> #REF! | S53: 20 | T53: =+SUMIF(#REF!,'Özet Durum'!B53,#REF!) -> #REF! | U53: =+S53-T53 -> #REF! | V53: =+T53/S53 -> #REF! | W53: 6059592 | X53: =IF(T53<S53/2," ",IF(T53=S53/2,"1.Anket Zamanı Geldi",IF(T53>S53/2,"2.Anket Zamanı Geldi"))) -> #REF! | Y53: 0.96
A54: 53 | B54: KMF-2022-ÖDP-21-053 | C54: Emniyet Sanayi | D54: Kırıkkale | E54: Otomotiv Yan Sanayi | F54: Emre Koşar | G54: Tam Zamanlı | H54: ÖD-14 | I54: Öğren Dönüş | J54: =+IF(V54=1,"Tamamlandı","Devam Ediyor") -> #REF! | K54: =VLOOKUP(B54,#REF!,2,0) -> #REF! | L54: =YEAR(K54) -> #REF! | M54: =+K54+O54 -> #REF! | N54: =VLOOKUP(B54,#REF!,2,0) -> #REF! | O54: 200 | P54: =+N54-K54 -> #REF! | Q54: =+YEAR(N54) -> #REF! | R54: =IF(P54<O54,1,1-(ABS(O54-P54)/O54)) -> #REF! | S54: 19.5 | T54: =+SUMIF(#REF!,'Özet Durum'!B54,#REF!) -> #REF! | U54: =+S54-T54 -> #REF! | V54: =+T54/S54 -> #REF! | W54: 848400 | X54: =IF(T54<S54/2," ",IF(T54=S54/2,"1.Anket Zamanı Geldi",IF(T54>S54/2,"2.Anket Zamanı Geldi"))) -> #REF! | Y54: 0.97
A55: 54 | B55: KMF-2022-ÖDP-22-054 | C55: Sinerji | D55: Kırıkkale | E55: Savunma Sanayi | F55: Emre Koşar | G55: Tam Zamanlı | H55: ÖD-14 | I55: Öğren Dönüş | J55: =+IF(V55=1,"Tamamlandı","Devam Ediyor") -> #REF! | K55: =VLOOKUP(B55,#REF!,2,0) -> #REF! | L55: =YEAR(K55) -> #REF! | M55: =+K55+O55 -> #REF! | N55: =VLOOKUP(B55,#REF!,2,0) -> #REF! | O55: 300 | P55: =+N55-K55 -> #REF! | Q55: =+YEAR(N55) -> #REF! | R55: =IF(P55<O55,1,1-(ABS(O55-P55)/O55)) -> #REF! | S55: 18 | T55: =+SUMIF(#REF!,'Özet Durum'!B55,#REF!) -> #REF! | U55: =+S55-T55 -> #REF! | V55: =+T55/S55 -> #REF! | W55: 0 | X55: =IF(T55<S55/2," ",IF(T55=S55/2,"1.Anket Zamanı Geldi",IF(T55>S55/2,"2.Anket Zamanı Geldi"))) -> #REF!
A56: 55 | B56: KMF-2022-ÖDP-23-055 | C56: GMM | D56: Kayseri | E56: Makine | F56: Emre Koşar | G56: Tam Zamanlı | H56: ÖD-14 | I56: Öğren Dönüş | J56: =+IF(V56=1,"Tamamlandı","Devam Ediyor") -> #REF! | K56: =VLOOKUP(B56,#REF!,2,0) -> #REF! | L56: =YEAR(K56) -> #REF! | M56: =+K56+O56 -> #REF! | N56: =VLOOKUP(B56,#REF!,2,0) -> #REF! | O56: 150 | P56: =+N56-K56 -> #REF! | Q56: =+YEAR(N56) -> #REF! | R56: =IF(P56<O56,1,1-(ABS(O56-P56)/O56)) -> #REF! | S56: 16 | T56: =+SUMIF(#REF!,'Özet Durum'!B56,#REF!) -> #REF! | U56: =+S56-T56 -> #REF! | V56: =+T56/S56 -> #REF! | W56: 437400 | X56: =IF(T56<S56/2," ",IF(T56=S56/2,"1.Anket Zamanı Geldi",IF(T56>S56/2,"2.Anket Zamanı Geldi"))) -> #REF! | Y56: 1
A57: 56 | B57: KMF-2022-VKO-30-056 | C57: GMM | D57: Kayseri | E57: Makine | F57: Emre Koşar | G57: Tam Zamanlı | H57: ÖD-13 | I57: VKO | J57: =+IF(V57=1,"Tamamlandı","Devam Ediyor") -> #REF! | K57: =VLOOKUP(B57,#REF!,2,0) -> #REF! | L57: =YEAR(K57) -> #REF! | M57: =+K57+O57 -> #REF! | N57: =VLOOKUP(B57,#REF!,2,0) -> #REF! | O57: 90 | P57: =+N57-K57 -> #REF! | Q57: =+YEAR(N57) -> #REF! | R57: =IF(P57<O57,1,1-(ABS(O57-P57)/O57)) -> #REF! | S57: 12 | T57: =+SUMIF(#REF!,'Özet Durum'!B57,#REF!) -> #REF! | U57: =+S57-T57 -> #REF! | V57: =+T57/S57 -> #REF! | W57: 449000 | X57: =IF(T57<S57/2," ",IF(T57=S57/2,"1.Anket Zamanı Geldi",IF(T57>S57/2,"2.Anket Zamanı Geldi"))) -> #REF! | Y57: 0.98
A58: 57 | B58: KMF-2022-VKO-31-057 | C58: Doğan Mobilya(Maximo) | D58: Kayseri | E58: Mobilya | F58: Erdal Yaylacı | G58: Yarı Zamanlı | H58: ÖD-13 | I58: VKO | J58: =+IF(V58=1,"Tamamlandı","Devam Ediyor") -> #REF! | K58: =VLOOKUP(B58,#REF!,2,0) -> #REF! | L58: =YEAR(K58) -> #REF! | M58: =+K58+O58 -> #REF! | N58: =VLOOKUP(B58,#REF!,2,0) -> #REF! | O58: 90 | P58: =+N58-K58 -> #REF! | Q58: =+YEAR(N58) -> #REF! | R58: =IF(P58<O58,1,1-(ABS(O58-P58)/O58)) -> #REF! | S58: 12 | T58: =+SUMIF(#REF!,'Özet Durum'!B58,#REF!) -> #REF! | U58: =+S58-T58 -> #REF! | V58: =+T58/S58 -> #REF! | W58: 6222000 | X58: =IF(T58<S58/2," ",IF(T58=S58/2,"1.Anket Zamanı Geldi",IF(T58>S58/2,"2.Anket Zamanı Geldi"))) -> #REF! | Y58: 0.98
A59: 58 | B59: KMF-2022-VKO-32-058 | C59: Betaş | D59: Kayseri | E59: İnşaat | F59: Erdal Yaylacı | G59: Yarı Zamanlı | H59: ÖD-13 | I59: VKO | J59: =+IF(V59=1,"Tamamlandı","Devam Ediyor") -> #REF! | K59: =VLOOKUP(B59,#REF!,2,0) -> #REF! | L59: =YEAR(K59) -> #REF! | M59: =+K59+O59 -> #REF! | N59: =VLOOKUP(B59,#REF!,2,0) -> #REF! | O59: 90 | P59: =+N59-K59 -> #REF! | Q59: =+YEAR(N59) -> #REF! | R59: =IF(P59<O59,1,1-(ABS(O59-P59)/O59)) -> #REF! | S59: 11 | T59: =+SUMIF(#REF!,'Özet Durum'!B59,#REF!) -> #REF! | U59: =+S59-T59 -> #REF! | V59: =+T59/S59 -> #REF! | W59: 1152000 | X59: =IF(T59<S59/2," ",IF(T59=S59/2,"1.Anket Zamanı Geldi",IF(T59>S59/2,"2.Anket Zamanı Geldi"))) -> #REF! | Y59: 0.857
A60: 59 | B60: KMF-2022-VKO-33-059 | C60: Kilim | D60: Kayseri | E60: Mobilya | F60: Ebru Takcı | G60: Tam Zamanlı | H60: ÖD-13 | I60: VKO | J60: =+IF(V60=1,"Tamamlandı","Devam Ediyor") -> #REF! | K60: =VLOOKUP(B60,#REF!,2,0) -> #REF! | L60: =YEAR(K60) -> #REF! | M60: =+K60+O60 -> #REF! | N60: =VLOOKUP(B60,#REF!,2,0) -> #REF! | O60: 90 | P60: =+N60-K60 -> #REF! | Q60: =+YEAR(N60) -> #REF! | R60: =IF(P60<O60,1,1-(ABS(O60-P60)/O60)) -> #REF! | S60: 12 | T60: =+SUMIF(#REF!,'Özet Durum'!B60,#REF!) -> #REF! | U60: =+S60-T60 -> #REF! | V60: =+T60/S60 -> #REF! | W60: 2732400 | X60: =IF(T60<S60/2," ",IF(T60=S60/2,"1.Anket Zamanı Geldi",IF(T60>S60/2,"2.Anket Zamanı Geldi"))) -> #REF!
A61: 60 | B61: KMF-2022-VKO-34-060 | C61: Safir Kapı | D61: Kayseri | E61: Metal | F61: Erdal Yaylacı | G61: Yarı Zamanlı | H61: ÖD-13 | I61: VKO | J61: =+IF(V61=1,"Tamamlandı","Devam Ediyor") -> #REF! | K61: =VLOOKUP(B61,#REF!,2,0) -> #REF! | L61: =YEAR(K61) -> #REF! | M61: =+K61+O61 -> #REF! | N61: =VLOOKUP(B61,#REF!,2,0) -> #REF! | O61: 90 | P61: =+N61-K61 -> #REF! | Q61: =+YEAR(N61) -> #REF! | R61: =IF(P61<O61,1,1-(ABS(O61-P61)/O61)) -> #REF! | S61: 9 | T61: =+SUMIF(#REF!,'Özet Durum'!B61,#REF!) -> #REF! | U61: =+S61-T61 -> #REF! | V61: =+T61/S61 -> #REF! | W61: 4241952 | X61: =IF(T61<S61/2," ",IF(T61=S61/2,"1.Anket Zamanı Geldi",IF(T61>S61/2,"2.Anket Zamanı Geldi"))) -> #REF! | Y61: 1
A62: 61 | B62: KMF-2022-BUP-03-061 | C62: Arkopa | D62: Kayseri | E62: Mobilya | F62: Ebru Takcı | G62: Tam Zamanlı | I62: Butik Proje | J62: =+IF(V62=1,"Tamamlandı","Devam Ediyor") -> Tamamlandı | K62: =VLOOKUP(B62,#REF!,2,0) -> #REF! | L62: =YEAR(K62) -> #REF! | M62: =+K62+O62 -> #REF! | N62: =VLOOKUP(B62,#REF!,2,0) -> #REF! | O62: 300 | P62: =+N62-K62 -> #REF! | Q62: =+YEAR(N62) -> #REF! | R62: =IF(P62<O62,1,1-(ABS(O62-P62)/O62)) -> #REF! | S62: 25 | T62: =+SUMIF(#REF!,'Özet Durum'!B62,#REF!) -> #REF! | U62: =+S62-T62 -> #REF! | V62: 1 | W62: 5500000 | X62: =IF(T62<S62/2," ",IF(T62=S62/2,"1.Anket Zamanı Geldi",IF(T62>S62/2,"2.Anket Zamanı Geldi"))) -> #REF! | Y62: 0.98
A63: 62 | B63: KMF-2022-BUP-04-062 | C63: Comfytex | D63: Kayseri | E63: Tekstil | F63: Ebru Takcı | G63: Tam Zamanlı | I63: Butik Proje | J63: =+IF(V63=1,"Tamamlandı","Devam Ediyor") -> #REF! | K63: =VLOOKUP(B63,#REF!,2,0) -> #REF! | L63: =YEAR(K63) -> #REF! | M63: =+K63+O63 -> #REF! | N63: =VLOOKUP(B63,#REF!,2,0) -> #REF! | O63: 120 | P63: 144 | Q63: =+YEAR(N63) -> #REF! | R63: =IF(P63<O63,1,1-(ABS(O63-P63)/O63)) -> 0.8 | S63: 14 | T63: =+SUMIF(#REF!,'Özet Durum'!B63,#REF!) -> #REF! | U63: =+S63-T63 -> #REF! | V63: =+T63/S63 -> #REF! | W63: 35000000 | X63: =IF(T63<S63/2," ",IF(T63=S63/2,"1.Anket Zamanı Geldi",IF(T63>S63/2,"2.Anket Zamanı Geldi"))) -> #REF! | Y63: 1
A64: 63 | B64: KMF-2022-BUP-05-063 | C64: Comfytex(depo) | D64: Kayseri | E64: Tekstil | F64: Ebru Takcı | G64: Tam Zamanlı | I64: Butik Proje | J64: =+IF(V64=1,"Tamamlandı","Devam Ediyor") -> #REF! | K64: =VLOOKUP(B64,#REF!,2,0) -> #REF! | L64: =YEAR(K64) -> #REF! | M64: 45217 | N64: =VLOOKUP(B64,#REF!,2,0) -> #REF! | O64: 180 | P64: =+N64-K64 -> #REF! | Q64: =+YEAR(N64) -> #REF! | R64: =IF(P64<O64,1,1-(ABS(O64-P64)/O64)) -> #REF! | S64: 16 | T64: =+SUMIF(#REF!,'Özet Durum'!B64,#REF!) -> #REF! | U64: =+S64-T64 -> #REF! | V64: =+T64/S64 -> #REF! | W64: 15000000 | X64: =IF(T64<S64/2," ",IF(T64=S64/2,"1.Anket Zamanı Geldi",IF(T64>S64/2,"2.Anket Zamanı Geldi"))) -> #REF! | Y64: 1
A65: 64 | B65: KMF-2022-ÖDP-24-064 | C65: Seferoğlu | D65: Kayseri | E65: Elektrik | F65: Ebru Takcı | G65: Tam Zamanlı | H65: ÖD-15 | I65: Öğren Dönüş | J65: =+IF(V65=1,"Tamamlandı","Devam Ediyor") -> #REF! | K65: =VLOOKUP(B65,#REF!,2,0) -> #REF! | L65: =YEAR(K65) -> #REF! | M65: =+K65+O65 -> #REF! | N65: =VLOOKUP(B65,#REF!,2,0) -> #REF! | O65: 150 | P65: 154 | Q65: =+YEAR(N65) -> #REF! | R65: =IF(P65<O65,1,1-(ABS(O65-P65)/O65)) -> 0.97333333 | S65: 20 | T65: =+SUMIF(#REF!,'Özet Durum'!B65,#REF!) -> #REF! | U65: =+S65-T65 -> #REF! | V65: =+T65/S65 -> #REF! | W65: 5500000 | X65: =IF(T65<S65/2," ",IF(T65=S65/2,"1.Anket Zamanı Geldi",IF(T65>S65/2,"2.Anket Zamanı Geldi"))) -> #REF! | Y65: 1
A66: 65 | B66: KMF-2022-ÖDP-25-065 | C66: Tuğra | D66: Kayseri | E66: Otomotiv Yan Sanayi | F66: Emre Koşar | G66: Tam Zamanlı | H66: ÖD-15 | I66: Öğren Dönüş | J66: =+IF(V66=1,"Tamamlandı","Devam Ediyor") -> #REF! | K66: =VLOOKUP(B66,#REF!,2,0) -> #REF! | L66: =YEAR(K66) -> #REF! | M66: =+K66+O66 -> #REF! | N66: =VLOOKUP(B66,#REF!,2,0) -> #REF! | O66: 150 | P66: =+N66-K66 -> #REF! | Q66: =+YEAR(N66) -> #REF! | R66: =IF(P66<O66,1,1-(ABS(O66-P66)/O66)) -> #REF! | S66: 17 | T66: =+SUMIF(#REF!,'Özet Durum'!B66,#REF!) -> #REF! | U66: =+S66-T66 -> #REF! | V66: =+T66/S66 -> #REF! | W66: 6480000 | X66: =IF(T66<S66/2," ",IF(T66=S66/2,"1.Anket Zamanı Geldi",IF(T66>S66/2,"2.Anket Zamanı Geldi"))) -> #REF!
A67: 66 | B67: KMF-2022-ÖDP-26-066 | C67: Makro | D67: Kayseri | E67: Makine | F67: Emre Koşar | G67: Tam Zamanlı | H67: ÖD-15 | I67: Öğren Dönüş | J67: =+IF(V67=1,"Tamamlandı","Devam Ediyor") -> #REF! | K67: =VLOOKUP(B67,#REF!,2,0) -> #REF! | L67: =YEAR(K67) -> #REF! | M67: =+K67+O67 -> #REF! | N67: =VLOOKUP(B67,#REF!,2,0) -> #REF! | O67: 150 | P67: =+N67-K67 -> #REF! | Q67: =+YEAR(N67) -> #REF! | R67: =IF(P67<O67,1,1-(ABS(O67-P67)/O67)) -> #REF! | S67: 17 | T67: =+SUMIF(#REF!,'Özet Durum'!B67,#REF!) -> #REF! | U67: =+S67-T67 -> #REF! | V67: =+T67/S67 -> #REF! | W67: =135*270*1.5*6 -> 328050 | X67: =IF(T67<S67/2," ",IF(T67=S67/2,"1.Anket Zamanı Geldi",IF(T67>S67/2,"2.Anket Zamanı Geldi"))) -> #REF! | Y67: 0.93
A68: 67 | B68: KMF-2022-ÖDP-27-067 | C68: Kayseri Yem | D68: Kayseri | E68: Hayvansal Gıda | F68: Emre Koşar | G68: Tam Zamanlı | H68: ÖD-15 | I68: Öğren Dönüş | J68: =+IF(V68=1,"Tamamlandı","Devam Ediyor") -> #REF! | K68: =VLOOKUP(B68,#REF!,2,0) -> #REF! | L68: =YEAR(K68) -> #REF! | M68: =+K68+O68 -> #REF! | N68: =VLOOKUP(B68,#REF!,2,0) -> #REF! | O68: 150 | P68: =+N68-K68 -> #REF! | Q68: =+YEAR(N68) -> #REF! | R68: =IF(P68<O68,1,1-(ABS(O68-P68)/O68)) -> #REF! | S68: 10 | T68: =+SUMIF(#REF!,'Özet Durum'!B68,#REF!) -> #REF! | U68: =+S68-T68 -> #REF! | V68: =+T68/S68 -> #REF! | W68: 2562000 | X68: =IF(T68<S68/2," ",IF(T68=S68/2,"1.Anket Zamanı Geldi",IF(T68>S68/2,"2.Anket Zamanı Geldi"))) -> #REF!
A69: 68 | B69: KMF-2022-ÖDP-28-068 | C69: Kaymet | D69: Kayseri | E69: Metal | F69: Beyza Kaçar | G69: Tam Zamanlı | H69: ÖD-15 | I69: Öğren Dönüş | J69: =+IF(V69=1,"Tamamlandı","Devam Ediyor") -> #REF! | K69: =VLOOKUP(B69,#REF!,2,0) -> #REF! | L69: =YEAR(K69) -> #REF! | M69: =+K69+O69 -> #REF! | N69: =VLOOKUP(B69,#REF!,2,0) -> #REF! | O69: 250 | P69: =+N69-K69 -> #REF! | Q69: =+YEAR(N69) -> #REF! | R69: =IF(P69<O69,1,1-(ABS(O69-P69)/O69)) -> #REF! | S69: 17 | T69: =+SUMIF(#REF!,'Özet Durum'!B69,#REF!) -> #REF! | U69: =+S69-T69 -> #REF! | V69: =+T69/S69 -> #REF! | W69: 0 | X69: =IF(T69<S69/2," ",IF(T69=S69/2,"1.Anket Zamanı Geldi",IF(T69>S69/2,"2.Anket Zamanı Geldi"))) -> #REF! | Y69: 1
A70: 69 | B70: KMF-2021-ÖDP-15-025 | C70: Sarıgözoğlu | D70: Aksaray | E70: Otomotiv Yan Sanayi | F70: Ersoy Türel | G70: Yarı Zamanlı | H70: 5.ÖD | I70: Öğren Dönüş | J70: =+IF(V70=1,"Tamamlandı","Devam Ediyor") -> Tamamlandı | K70: =VLOOKUP(B70,#REF!,2,0) -> #REF! | L70: =YEAR(K70) -> #REF! | M70: =+K70+O70 -> #REF! | N70: =VLOOKUP(B70,#REF!,2,0) -> #REF! | O70: 150 | P70: =+N70-K70 -> #REF! | Q70: =+YEAR(N70) -> #REF! | R70: =IF(P70<O70,1,1-(ABS(O70-P70)/O70)) -> #REF! | S70: 15 | T70: 15 | U70: =+S70-T70 -> 0 | V70: =+T70/S70 -> 1 | W70: 381837 | X70: =IF(T70<S70/2," ",IF(T70=S70/2,"1.Anket Zamanı Geldi",IF(T70>S70/2,"2.Anket Zamanı Geldi"))) -> 2.Anket Zamanı Geldi | Y70: 0.93
A71: 70 | B71: KMF-2023-ÖDP-30-070 | C71: Şahbaz | D71: Kayseri | E71: Metal | F71: Ebru Takcı | G71: Tam Zamanlı | H71: ÖD-16 | I71: Öğren Dönüş | J71: =+IF(V71=1,"Tamamlandı","Devam Ediyor") -> #REF! | K71: =VLOOKUP(B71,#REF!,2,0) -> #REF! | L71: =YEAR(K71) -> #REF! | M71: 45203 | N71: 45203 | O71: 150 | P71: =+N71-K71 -> #REF! | Q71: =+YEAR(N71) -> 2023 | R71: =IF(P71<O71,1,1-(ABS(O71-P71)/O71)) -> #REF! | S71: 20 | T71: =+SUMIF(#REF!,'Özet Durum'!B71,#REF!) -> #REF! | U71: =+S71-T71 -> #REF! | V71: =+T71/S71 -> #REF! | W71: 6500000 | X71: =IF(T71<S71/2," ",IF(T71=S71/2,"1.Anket Zamanı Geldi",IF(T71>S71/2,"2.Anket Zamanı Geldi"))) -> #REF! | Y71: 0.96
A72: 71 | B72: KMF-2023-ÖDP-31-071 | C72: Bildi Metal | D72: Kayseri | E72: Mobilya | F72: Emre Koşar | G72: Tam Zamanlı | H72: ÖD-16 | I72: Öğren Dönüş | J72: =+IF(V72=1,"Tamamlandı","Devam Ediyor") -> #REF! | K72: =VLOOKUP(B72,#REF!,2,0) -> #REF! | L72: =YEAR(K72) -> #REF! | M72: =+K72+O72 -> #REF! | N72: =VLOOKUP(B72,#REF!,2,0) -> #REF! | O72: 150 | P72: =+N72-K72 -> #REF! | Q72: =+YEAR(N72) -> #REF! | R72: =IF(P72<O72,1,1-(ABS(O72-P72)/O72)) -> #REF! | S72: 19 | T72: =+SUMIF(#REF!,'Özet Durum'!B72,#REF!) -> #REF! | U72: =+S72-T72 -> #REF! | V72: =+T72/S72 -> #REF! | W72: 1056000 | X72: =IF(T72<S72/2," ",IF(T72=S72/2,"1.Anket Zamanı Geldi",IF(T72>S72/2,"2.Anket Zamanı Geldi"))) -> #REF!
A73: 72 | B73: KMF-2023-ÖDP-32-072 | C73: DNZ Mobilya | D73: Kayseri | E73: Mobilya | F73: M.Arif Kapusuzoğlu | G73: Tam Zamanlı | H73: ÖD-16 | I73: Öğren Dönüş | J73: =+IF(V73=1,"Tamamlandı","Devam Ediyor") -> #REF! | K73: =VLOOKUP(B73,#REF!,2,0) -> #REF! | L73: =YEAR(K73) -> #REF! | M73: =+K73+O73 -> #REF! | N73: =VLOOKUP(B73,#REF!,2,0) -> #REF! | O73: =+IF(I73="Öğren Dönüş",(S73/4)*30+30,0) -> 180 | P73: =+N73-K73 -> #REF! | Q73: =+YEAR(N73) -> #REF! | R73: =IF(P73<O73,1,1-(ABS(O73-P73)/O73)) -> #REF! | S73: 20 | T73: =+SUMIF(#REF!,'Özet Durum'!B73,#REF!) -> #REF! | U73: =+S73-T73 -> #REF! | V73: =+T73/S73 -> #REF! | W73: 0 | X73: =IF(T73<S73/2," ",IF(T73=S73/2,"1.Anket Zamanı Geldi",IF(T73>S73/2,"2.Anket Zamanı Geldi"))) -> #REF!
A74: 73 | B74: KMF-2023-ÖDP-33-073 | C74: Parteks | D74: Kayseri | E74: Ambalaj | F74: Ebru Takcı | G74: Tam Zamanlı | H74: ÖD-17 | I74: Öğren Dönüş | J74: =+IF(V74=1,"Tamamlandı","Devam Ediyor") -> #REF! | K74: =VLOOKUP(B74,#REF!,2,0) -> #REF! | L74: =YEAR(K74) -> #REF! | M74: =+K74+O74 -> #REF! | N74: =VLOOKUP(B74,#REF!,2,0) -> #REF! | O74: =+IF(I74="Öğren Dönüş",(S74/4)*30+30,0) -> 180 | P74: =+N74-K74 -> #REF! | Q74: =+YEAR(N74) -> #REF! | R74: =IF(P74<O74,1,1-(ABS(O74-P74)/O74)) -> #REF! | S74: 20 | T74: =+SUMIF(#REF!,'Özet Durum'!B74,#REF!) -> #REF! | U74: =+S74-T74 -> #REF! | V74: =+T74/S74 -> #REF! | W74: 33867680 | X74: =IF(T74<S74/2," ",IF(T74=S74/2,"1.Anket Zamanı Geldi",IF(T74>S74/2,"2.Anket Zamanı Geldi"))) -> #REF! | Y74: 1
A75: 74 | B75: KMF-2023-ÖDP-34-074 | C75: Turkuaz | D75: Kayseri | E75: Seramik | F75: Emre Koşar | G75: Tam Zamanlı | H75: ÖD-17 | I75: Öğren Dönüş | J75: =+IF(V75=1,"Tamamlandı","Devam Ediyor") -> #REF! | K75: =VLOOKUP(B75,#REF!,2,0) -> #REF! | L75: =YEAR(K75) -> #REF! | M75: =+K75+O75 -> #REF! | N75: =VLOOKUP(B75,#REF!,2,0) -> #REF! | O75: =+IF(I75="Öğren Dönüş",(S75/4)*30+30,0) -> 240 | P75: =+N75-K75 -> #REF! | Q75: =+YEAR(N75) -> #REF! | R75: =IF(P75<O75,1,1-(ABS(O75-P75)/O75)) -> #REF! | S75: 28 | T75: =+SUMIF(#REF!,'Özet Durum'!B75,#REF!) -> #REF! | U75: =+S75-T75 -> #REF! | V75: =+T75/S75 -> #REF! | W75: 7300000 | X75: =IF(T75<S75/2," ",IF(T75=S75/2,"1.Anket Zamanı Geldi",IF(T75>S75/2,"2.Anket Zamanı Geldi"))) -> #REF! | Y75: 0.95
A76: 75 | B76: KMF-2023-ÖDP-35-075 | C76: Ferro Bosco | D76: Kayseri | E76: Mobilya | F76: Emre Koşar | G76: Tam Zamanlı | H76: ÖD-17 | I76: Öğren Dönüş | J76: =+IF(V76=1,"Tamamlandı","Devam Ediyor") -> #REF! | K76: =VLOOKUP(B76,#REF!,2,0) -> #REF! | L76: =YEAR(K76) -> #REF! | M76: =+K76+O76 -> #REF! | N76: =VLOOKUP(B76,#REF!,2,0) -> #REF! | O76: =+IF(I76="Öğren Dönüş",(S76/4)*30+30,0) -> 180 | P76: =+N76-K76 -> #REF! | Q76: =+YEAR(N76) -> #REF! | R76: =IF(P76<O76,1,1-(ABS(O76-P76)/O76)) -> #REF! | S76: 20 | T76: =+SUMIF(#REF!,'Özet Durum'!B76,#REF!) -> #REF! | U76: =+S76-T76 -> #REF! | V76: =+T76/S76 -> #REF! | W76: 1200000 | X76: =IF(T76<S76/2," ",IF(T76=S76/2,"1.Anket Zamanı Geldi",IF(T76>S76/2,"2.Anket Zamanı Geldi"))) -> #REF!
A77: 76 | B77: KMF-2023-ÖDP-36-076 | C77: Atlas Sayaç | D77: Kayseri | E77: Elektrik | F77: Gülşah Aynekin | G77: Yarı Zamanlı | H77: ÖD-18 | I77: Öğren Dönüş | J77: =+IF(V77=1,"Tamamlandı","Devam Ediyor") -> #REF! | K77: =+VLOOKUP(B77,#REF!,2,0) -> #REF! | L77: =YEAR(K77) -> #REF! | M77: =+K77+O77 -> #REF! | N77: =VLOOKUP(B77,#REF!,2,0) -> #REF! | O77: =+IF(I77="Öğren Dönüş",(S77/4)*30+30,0) -> 180 | P77: =+N77-K77 -> #REF! | Q77: =+YEAR(N77) -> #REF! | R77: =IF(P77<O77,1,1-(ABS(O77-P77)/O77)) -> #REF! | S77: 20 | T77: =+SUMIF(#REF!,'Özet Durum'!B77,#REF!) -> #REF! | U77: =+S77-T77 -> #REF! | V77: =+T77/S77 -> #REF! | W77: 0 | X77: =IF(T77<S77/2," ",IF(T77=S77/2,"1.Anket Zamanı Geldi",IF(T77>S77/2,"2.Anket Zamanı Geldi"))) -> #REF!
A78: 77 | B78: KMF-2023-ÖDP-37-077 | C78: Oylum | D78: Kayseri | E78: Gıda | F78: Emre Koşar | G78: Tam Zamanlı | H78: ÖD-18 | I78: Öğren Dönüş | J78: =+IF(V78=1,"Tamamlandı","Devam Ediyor") -> #REF! | K78: =VLOOKUP(B78,#REF!,2,0) -> #REF! | L78: =YEAR(K78) -> #REF! | M78: =+K78+O78 -> #REF! | N78: =VLOOKUP(B78,#REF!,2,0) -> #REF! | O78: =+IF(I78="Öğren Dönüş",(S78/4)*30+30,0) -> 180 | P78: =+N78-K78 -> #REF! | Q78: =+YEAR(N78) -> #REF! | R78: =IF(P78<O78,1,1-(ABS(O78-P78)/O78)) -> #REF! | S78: 20 | T78: =+SUMIF(#REF!,'Özet Durum'!B78,#REF!) -> #REF! | U78: =+S78-T78 -> #REF! | V78: =+T78/S78 -> #REF! | W78: 3550200 | X78: =IF(T78<S78/2," ",IF(T78=S78/2,"1.Anket Zamanı Geldi",IF(T78>S78/2,"2.Anket Zamanı Geldi"))) -> #REF! | Y78: 1
A79: 78 | B79: KMF-2023-ÖDP-38-078 | C79: @Home | D79: Kayseri | E79: Mobilya | F79: Gülşah Aynekin | G79: Yarı Zamanlı | H79: ÖD-18 | I79: Öğren Dönüş | J79: =+IF(V79=1,"Tamamlandı","Devam Ediyor") -> #REF! | K79: =VLOOKUP(B79,#REF!,2,0) -> #REF! | L79: =YEAR(K79) -> #REF! | M79: =+K79+O79 -> #REF! | N79: =VLOOKUP(B79,#REF!,2,0) -> #REF! | O79: =+IF(I79="Öğren Dönüş",(S79/4)*30+30,0) -> 191.25 | P79: =+N79-K79 -> #REF! | Q79: =+YEAR(N79) -> #REF! | R79: =IF(P79<O79,1,1-(ABS(O79-P79)/O79)) -> #REF! | S79: 21.5 | T79: =+SUMIF(#REF!,'Özet Durum'!B79,#REF!) -> #REF! | U79: =+S79-T79 -> #REF! | V79: =+T79/S79 -> #REF! | W79: 0 | X79: =IF(T79<S79/2," ",IF(T79=S79/2,"1.Anket Zamanı Geldi",IF(T79>S79/2,"2.Anket Zamanı Geldi"))) -> #REF!
A80: 79 | B80: KMF-2023-ÖDP-39-079 | C80: Palmera | D80: Kayseri | E80: Mobilya | F80: Pınar Balcı-M.Arif Kapusuzoğlu | G80: Tam Zamanlı | H80: ÖD-18 | I80: Öğren Dönüş | J80: =+IF(V80=1,"Tamamlandı","Devam Ediyor") -> #REF! | K80: =VLOOKUP(B80,#REF!,2,0) -> #REF! | L80: =YEAR(K80) -> #REF! | M80: =+K80+O80 -> #REF! | N80: =VLOOKUP(B80,#REF!,2,0) -> #REF! | O80: =+IF(I80="Öğren Dönüş",(S80/4)*30+30,0) -> 180 | P80: =+N80-K80 -> #REF! | Q80: =+YEAR(N80) -> #REF! | R80: =IF(P80<O80,1,1-(ABS(O80-P80)/O80)) -> #REF! | S80: 20 | T80: =+SUMIF(#REF!,'Özet Durum'!B80,#REF!) -> #REF! | U80: =+S80-T80 -> #REF! | V80: =+T80/S80 -> #REF! | W80: 7716162 | X80: =IF(T80<S80/2," ",IF(T80=S80/2,"1.Anket Zamanı Geldi",IF(T80>S80/2,"2.Anket Zamanı Geldi"))) -> #REF! | Y80: 1
A81: 80 | B81: KMF-2023-ÖDP-40-080 | C81: Kemerli | D81: Kayseri | E81: Metal | F81: Ebru Takcı | G81: Tam Zamanlı | H81: ÖD-18 | I81: Öğren Dönüş | J81: =+IF(V81=1,"Tamamlandı","Devam Ediyor") -> #REF! | K81: =VLOOKUP(B81,#REF!,2,0) -> #REF! | L81: =YEAR(K81) -> #REF! | M81: =+K81+O81 -> #REF! | N81: 45371 | O81: =+IF(I81="Öğren Dönüş",(S81/4)*30+30,0) -> 180 | P81: =+N81-K81 -> #REF! | Q81: =+YEAR(N81) -> 2024 | R81: =IF(P81<O81,1,1-(ABS(O81-P81)/O81)) -> #REF! | S81: 20 | T81: =+SUMIF(#REF!,'Özet Durum'!B81,#REF!) -> #REF! | U81: =+S81-T81 -> #REF! | V81: =+T81/S81 -> #REF! | W81: 4349700 | X81: =IF(T81<S81/2," ",IF(T81=S81/2,"1.Anket Zamanı Geldi",IF(T81>S81/2,"2.Anket Zamanı Geldi"))) -> #REF! | Y81: 1
A82: 81 | B82: KMF-2023-ÖDP-41-081 | C82: Ezel Kozmettik | D82: Sivas | E82: Kozmetik | F82: Gülşah Aynekin | G82: Yarı Zamanlı | H82: ÖD-19 | I82: Öğren Dönüş | J82: =+IF(V82=1,"Tamamlandı","Devam Ediyor") -> #REF! | K82: =VLOOKUP(B82,#REF!,2,0) -> #REF! | L82: =YEAR(K82) -> #REF! | M82: =+K82+O82 -> #REF! | N82: =VLOOKUP(B82,#REF!,2,0) -> #REF! | O82: =+IF(I82="Öğren Dönüş",(S82/4)*30+30,0) -> 165 | P82: =+N82-K82 -> #REF! | Q82: =+YEAR(N82) -> #REF! | R82: =IF(P82<O82,1,1-(ABS(O82-P82)/O82)) -> #REF! | S82: 18 | T82: =+SUMIF(#REF!,'Özet Durum'!B82,#REF!) -> #REF! | U82: =+S82-T82 -> #REF! | V82: =+T82/S82 -> #REF! | W82: 0 | X82: =IF(T82<S82/2," ",IF(T82=S82/2,"1.Anket Zamanı Geldi",IF(T82>S82/2,"2.Anket Zamanı Geldi"))) -> #REF! | Y82: 0.58
A83: 82 | B83: KMF-2023-ÖDP-42-082 | C83: Mikro Mekanik | D83: Sivas | E83: Talaşlı İmalat | F83: Gülşah Aynekin | G83: Yarı Zamanlı | H83: ÖD-19 | I83: Öğren Dönüş | J83: =+IF(V83=1,"Tamamlandı","Devam Ediyor") -> #REF! | K83: =VLOOKUP(B83,#REF!,2,0) -> #REF! | L83: =YEAR(K83) -> #REF! | M83: =+K83+O83 -> #REF! | N83: =VLOOKUP(B83,#REF!,2,0) -> #REF! | O83: =+IF(I83="Öğren Dönüş",(S83/4)*30+30,0) -> 150 | P83: =+N83-K83 -> #REF! | Q83: =+YEAR(N83) -> #REF! | R83: =IF(P83<O83,1,1-(ABS(O83-P83)/O83)) -> #REF! | S83: 16 | T83: =+SUMIF(#REF!,'Özet Durum'!B83,#REF!) -> #REF! | U83: =+S83-T83 -> #REF! | V83: =+T83/S83 -> #REF! | W83: 0 | X83: =IF(T83<S83/2," ",IF(T83=S83/2,"1.Anket Zamanı Geldi",IF(T83>S83/2,"2.Anket Zamanı Geldi"))) -> #REF! | Y83: 0.42
A84: 83 | B84: KMF-2023-ÖDP-43-083 | C84: Motolux | D84: Aksaray | E84: Otomotiv | F84: Emre Çelik | G84: Yarı Zamanlı | H84: ÖD-20 | I84: Öğren Dönüş | J84: =+IF(V84=1,"Tamamlandı","Devam Ediyor") -> #REF! | K84: =VLOOKUP(B84,#REF!,2,0) -> #REF! | L84: =YEAR(K84) -> #REF! | M84: =+K84+O84 -> #REF! | N84: =VLOOKUP(B84,#REF!,2,0) -> #REF! | O84: =+IF(I84="Öğren Dönüş",(S84/4)*30+30,0) -> 157.5 | P84: =+N84-K84 -> #REF! | Q84: =+YEAR(N84) -> #REF! | R84: =IF(P84<O84,1,1-(ABS(O84-P84)/O84)) -> #REF! | S84: 17 | T84: =+SUMIF(#REF!,'Özet Durum'!B84,#REF!) -> #REF! | U84: =+S84-T84 -> #REF! | V84: =+T84/S84 -> #REF! | W84: 0 | X84: =IF(T84<S84/2," ",IF(T84=S84/2,"1.Anket Zamanı Geldi",IF(T84>S84/2,"2.Anket Zamanı Geldi"))) -> #REF!
A85: 84 | B85: KMF-2023-ÖDP-44-084 | C85: Doruk | D85: Kayseri | E85: Ambalaj | F85: Emre Çelik | G85: Yarı Zamanlı | H85: ÖD-20 | I85: Öğren Dönüş | J85: =+IF(V85=1,"Tamamlandı","Devam Ediyor") -> #REF! | K85: =VLOOKUP(B85,#REF!,2,0) -> #REF! | L85: =YEAR(K85) -> #REF! | M85: =+K85+O85 -> #REF! | N85: =VLOOKUP(B85,#REF!,2,0) -> #REF! | O85: =+IF(I85="Öğren Dönüş",(S85/4)*30+30,0) -> 180 | P85: =+N85-K85 -> #REF! | Q85: =+YEAR(N85) -> #REF! | R85: =IF(P85<O85,1,1-(ABS(O85-P85)/O85)) -> #REF! | S85: 20 | T85: =+SUMIF(#REF!,'Özet Durum'!B85,#REF!) -> #REF! | U85: =+S85-T85 -> #REF! | V85: =+T85/S85 -> #REF! | W85: 0 | X85: =IF(T85<S85/2," ",IF(T85=S85/2,"1.Anket Zamanı Geldi",IF(T85>S85/2,"2.Anket Zamanı Geldi"))) -> #REF!
A86: 85 | B86: KMF-2023-ÖDP-45-085 | C86: Alfa Tim | D86: Kayseri | E86: Metal | F86: İsmet Söylemez | G86: Yarı Zamanlı | H86: ÖD-20 | I86: Öğren Dönüş | J86: =+IF(V86=1,"Tamamlandı","Devam Ediyor") -> #REF! | K86: =VLOOKUP(B86,#REF!,2,0) -> #REF! | L86: =YEAR(K86) -> #REF! | M86: =+K86+O86 -> #REF! | N86: =VLOOKUP(B86,#REF!,2,0) -> #REF! | O86: =+IF(I86="Öğren Dönüş",(S86/4)*30+30,0) -> 86.25 | P86: =+N86-K86 -> #REF! | Q86: =+YEAR(N86) -> #REF! | R86: =IF(P86<O86,1,1-(ABS(O86-P86)/O86)) -> #REF! | S86: 7.5 | T86: =+SUMIF(#REF!,'Özet Durum'!B86,#REF!) -> #REF! | U86: =+S86-T86 -> #REF! | V86: =+T86/S86 -> #REF! | W86: 0 | X86: =IF(T86<S86/2," ",IF(T86=S86/2,"1.Anket Zamanı Geldi",IF(T86>S86/2,"2.Anket Zamanı Geldi"))) -> #REF!
A87: 86 | B87: KMF-2023-ÖDP-46-086 | C87: Minisan | D87: Kayseri | E87: Beyaz Eşya | F87: Pınar Balcı | G87: Tam Zamanlı | H87: ÖD-20 | I87: Öğren Dönüş | J87: =+IF(V87=1,"Tamamlandı","Devam Ediyor") -> #REF! | K87: =VLOOKUP(B87,#REF!,2,0) -> #REF! | L87: =YEAR(K87) -> #REF! | M87: =+K87+O87 -> #REF! | N87: =VLOOKUP(B87,#REF!,2,0) -> #REF! | O87: =+IF(I87="Öğren Dönüş",(S87/4)*30+30,0) -> 180 | P87: =+N87-K87 -> #REF! | Q87: =+YEAR(N87) -> #REF! | R87: =IF(P87<O87,1,1-(ABS(O87-P87)/O87)) -> #REF! | S87: 20 | T87: =+SUMIF(#REF!,'Özet Durum'!B87,#REF!) -> #REF! | U87: =+S87-T87 -> #REF! | V87: =+T87/S87 -> #REF! | W87: 3224000 | X87: =IF(T87<S87/2," ",IF(T87=S87/2,"1.Anket Zamanı Geldi",IF(T87>S87/2,"2.Anket Zamanı Geldi"))) -> #REF! | Y87: 0.98
A88: 87 | B88: KMF-2023-BUP-06-087 | C88: Arkopa | D88: Kayseri | E88: Mobilya | F88: Ebru Takcı | G88: Tam Zamanlı | I88: Butik Proje | J88: =+IF(V88=1,"Tamamlandı","Devam Ediyor") -> #REF! | K88: =VLOOKUP(B88,#REF!,2,0) -> #REF! | L88: =YEAR(K88) -> #REF! | M88: =+K88+O88 -> #REF! | N88: 45510 | O88: 300 | P88: =+N88-K88 -> #REF! | Q88: =+YEAR(N88) -> 2024 | R88: =IF(P88<O88,1,1-(ABS(O88-P88)/O88)) -> #REF! | S88: 20 | T88: =+SUMIF(#REF!,'Özet Durum'!B88,#REF!) -> #REF! | U88: =+S88-T88 -> #REF! | V88: =+T88/S88 -> #REF! | W88: 9000000 | X88: =IF(T88<S88/2," ",IF(T88=S88/2,"1.Anket Zamanı Geldi",IF(T88>S88/2,"2.Anket Zamanı Geldi"))) -> #REF! | Y88: 1
A89: 88 | B89: KMF-2023-ÖDP-47-088 | C89: M Grup | D89: Kayseri | E89: Ambalaj | F89: Tuğba Koşar | G89: Yarı Zamanlı | H89: ÖD-21 | I89: Öğren Dönüş | J89: =+IF(V89=1,"Tamamlandı","Devam Ediyor") -> #REF! | K89: =VLOOKUP(B89,#REF!,2,0) -> #REF! | L89: =YEAR(K89) -> #REF! | M89: =+K89+O89 -> #REF! | N89: =VLOOKUP(B89,#REF!,2,0) -> #REF! | O89: =+IF(I89="Öğren Dönüş",(S89/4)*30+30,0) -> 180 | P89: =+N89-K89 -> #REF! | Q89: =+YEAR(N89) -> #REF! | R89: =IF(P89<O89,1,1-(ABS(O89-P89)/O89)) -> #REF! | S89: 20 | T89: =+SUMIF(#REF!,'Özet Durum'!B89,#REF!) -> #REF! | U89: =+S89-T89 -> #REF! | V89: =+T89/S89 -> #REF! | W89: 0 | X89: =IF(T89<S89/2," ",IF(T89=S89/2,"1.Anket Zamanı Geldi",IF(T89>S89/2,"2.Anket Zamanı Geldi"))) -> #REF! | Y89: 0.91
A90: 89 | B90: KMF-2023-ÖDP-48-089 | C90: Çöl Büro | D90: Kayseri | E90: Mobilya | F90: İsmet Söylemez | G90: Yarı Zamanlı | H90: ÖD-21 | I90: Öğren Dönüş | J90: =+IF(V90=1,"Tamamlandı","Devam Ediyor") -> #REF! | K90: =VLOOKUP(B90,#REF!,2,0) -> #REF! | L90: =YEAR(K90) -> #REF! | M90: =+K90+O90 -> #REF! | N90: =VLOOKUP(B90,#REF!,2,0) -> #REF! | O90: =+IF(I90="Öğren Dönüş",(S90/4)*30+30,0) -> 180 | P90: =+N90-K90 -> #REF! | Q90: =+YEAR(N90) -> #REF! | R90: =IF(P90<O90,1,1-(ABS(O90-P90)/O90)) -> #REF! | S90: 20 | T90: =+SUMIF(#REF!,'Özet Durum'!B90,#REF!) -> #REF! | U90: =+S90-T90 -> #REF! | V90: =+T90/S90 -> #REF! | W90: 2032800 | X90: =IF(T90<S90/2," ",IF(T90=S90/2,"1.Anket Zamanı Geldi",IF(T90>S90/2,"2.Anket Zamanı Geldi"))) -> #REF!
A91: 90 | B91: KMF-2023-BUP-07-090 | C91: Seferoğlu | D91: Kayseri | E91: Elektrik | F91: Ebru Takcı | G91: Tam Zamanlı | I91: Butik Proje | J91: =+IF(V91=1,"Tamamlandı","Devam Ediyor") -> #REF! | K91: =VLOOKUP(B91,#REF!,2,0) -> #REF! | L91: =YEAR(K91) -> #REF! | M91: =+K91+O91 -> #REF! | N91: 45552 | O91: 300 | P91: =+N91-K91 -> #REF! | Q91: =+YEAR(N91) -> 2024 | R91: =IF(P91<O91,1,1-(ABS(O91-P91)/O91)) -> #REF! | S91: 20 | T91: =+SUMIF(#REF!,'Özet Durum'!B91,#REF!) -> #REF! | U91: =+S91-T91 -> #REF! | V91: =+T91/S91 -> #REF! | W91: 7142344 | X91: =IF(T91<S91/2," ",IF(T91=S91/2,"1.Anket Zamanı Geldi",IF(T91>S91/2,"2.Anket Zamanı Geldi"))) -> #REF! | Y91: 1
A92: 91 | B92: KMF-2023-ÖDP-49-091 | C92: Fentes | D92: Aksaray | E92: Beyaz Eşya | F92: Tuğba Koşar | G92: Yarı Zamanlı | H92: ÖD-22 | I92: Öğren Dönüş | J92: =+IF(V92=1,"Tamamlandı","Devam Ediyor") -> #REF! | K92: =VLOOKUP(B92,#REF!,2,0) -> #REF! | L92: =YEAR(K92) -> #REF! | M92: =+K92+O92 -> #REF! | N92: =VLOOKUP(B92,#REF!,2,0) -> #REF! | O92: =+IF(I92="Öğren Dönüş",(S92/4)*30+30,0) -> 97.5 | P92: =+N92-K92 -> #REF! | Q92: =+YEAR(N92) -> #REF! | R92: =IF(P92<O92,1,1-(ABS(O92-P92)/O92)) -> #REF! | S92: 9 | T92: =+SUMIF(#REF!,'Özet Durum'!B92,#REF!) -> #REF! | U92: =+S92-T92 -> #REF! | V92: =+T92/S92 -> #REF! | W92: 3411000 | X92: =IF(T92<S92/2," ",IF(T92=S92/2,"1.Anket Zamanı Geldi",IF(T92>S92/2,"2.Anket Zamanı Geldi"))) -> #REF! | Y92: 0.97
A93: 92 | B93: KMF-2023-ÖDP-50-092 | C93: Yurttaşlar Un | D93: Kırşehir | E93: Gıda | F93: Baki Tokgöz | G93: Yarı Zamanlı | H93: ÖD-22 | I93: Öğren Dönüş | J93: =+IF(V93=1,"Tamamlandı","Devam Ediyor") -> #REF! | K93: =VLOOKUP(B93,#REF!,2,0) -> #REF! | L93: =YEAR(K93) -> #REF! | M93: =+K93+O93 -> #REF! | N93: =VLOOKUP(B93,#REF!,2,0) -> #REF! | O93: =+IF(I93="Öğren Dönüş",(S93/4)*30+30,0) -> 97.5 | P93: =+N93-K93 -> #REF! | Q93: =+YEAR(N93) -> #REF! | R93: =IF(P93<O93,1,1-(ABS(O93-P93)/O93)) -> #REF! | S93: 9 | T93: =+SUMIF(#REF!,'Özet Durum'!B93,#REF!) -> #REF! | U93: =+S93-T93 -> #REF! | V93: =+T93/S93 -> #REF! | W93: 2019000 | X93: =IF(T93<S93/2," ",IF(T93=S93/2,"1.Anket Zamanı Geldi",IF(T93>S93/2,"2.Anket Zamanı Geldi"))) -> #REF!
A94: 93 | B94: KMF-2023-ÖDP-51-093 | C94: Blok Bims | D94: Nevşehir | E94: İnşaat | F94: Selen Madenoğlu | G94: Yarı Zamanlı | H94: ÖD-22 | I94: Öğren Dönüş | J94: =+IF(V94=1,"Tamamlandı","Devam Ediyor") -> #REF! | K94: =VLOOKUP(B94,#REF!,2,0) -> #REF! | L94: =YEAR(K94) -> #REF! | M94: =+K94+O94 -> #REF! | N94: =VLOOKUP(B94,#REF!,2,0) -> #REF! | O94: =+IF(I94="Öğren Dönüş",(S94/4)*30+30,0) -> 105 | P94: =+N94-K94 -> #REF! | Q94: =+YEAR(N94) -> #REF! | R94: =IF(P94<O94,1,1-(ABS(O94-P94)/O94)) -> #REF! | S94: 10 | T94: =+SUMIF(#REF!,'Özet Durum'!B94,#REF!) -> #REF! | U94: =+S94-T94 -> #REF! | V94: =+T94/S94 -> #REF! | W94: 17237600 | X94: =IF(T94<S94/2," ",IF(T94=S94/2,"1.Anket Zamanı Geldi",IF(T94>S94/2,"2.Anket Zamanı Geldi"))) -> #REF! | Y94: 0.93
A95: 94 | B95: KMF-2023-ÖDP-52-094 | C95: Eco Europe | D95: Aksaray | E95: Geri Dönüşüm | F95: Emre Çelik | G95: Yarı Zamanlı | H95: ÖD-22 | I95: Öğren Dönüş | J95: =+IF(V95=1,"Tamamlandı","Devam Ediyor") -> #REF! | K95: =VLOOKUP(B95,#REF!,2,0) -> #REF! | L95: =YEAR(K95) -> #REF! | M95: =+K95+O95 -> #REF! | N95: =VLOOKUP(B95,#REF!,2,0) -> #REF! | O95: =+IF(I95="Öğren Dönüş",(S95/4)*30+30,0) -> 97.5 | P95: =+N95-K95 -> #REF! | Q95: =+YEAR(N95) -> #REF! | R95: =IF(P95<O95,1,1-(ABS(O95-P95)/O95)) -> #REF! | S95: 9 | T95: =+SUMIF(#REF!,'Özet Durum'!B95,#REF!) -> #REF! | U95: =+S95-T95 -> #REF! | V95: =+T95/S95 -> #REF! | W95: 0 | X95: =IF(T95<S95/2," ",IF(T95=S95/2,"1.Anket Zamanı Geldi",IF(T95>S95/2,"2.Anket Zamanı Geldi"))) -> #REF!
A96: 95 | B96: KMF-2023-BUP-08-095 | C96: Armor | D96: Çorum | E96: Otomotiv Yan Sanayi | F96: Mehmet Sürücü | G96: Tam Zamanlı | I96: Butik Proje | J96: =+IF(V96=1,"Tamamlandı","Devam Ediyor") -> #REF! | K96: =VLOOKUP(B96,#REF!,2,0) -> #REF! | L96: =YEAR(K96) -> #REF! | M96: =+K96+O96 -> #REF! | N96: =VLOOKUP(B96,#REF!,2,0) -> #REF! | O96: 300 | P96: =+N96-K96 -> #REF! | Q96: =+YEAR(N96) -> #REF! | R96: =IF(P96<O96,1,1-(ABS(O96-P96)/O96)) -> #REF! | S96: 15 | T96: =+SUMIF(#REF!,'Özet Durum'!B96,#REF!) -> #REF! | U96: =+S96-T96 -> #REF! | V96: =+T96/S96 -> #REF! | W96: 0 | X96: =IF(T96<S96/2," ",IF(T96=S96/2,"1.Anket Zamanı Geldi",IF(T96>S96/2,"2.Anket Zamanı Geldi"))) -> #REF!
A97: 96 | B97: KMF-2023-ÖDP-53-096 | C97: OMS Metal | D97: Nevşehir | E97: Otomotiv Yan Sanayi | F97: Baki Tokgöz | G97: Yarı Zamanlı | H97: ÖD-23 | I97: Öğren Dönüş | J97: =+IF(V97=1,"Tamamlandı","Devam Ediyor") -> #REF! | K97: =VLOOKUP(B97,#REF!,2,0) -> #REF! | L97: =YEAR(K97) -> #REF! | M97: =+K97+O97 -> #REF! | N97: =VLOOKUP(B97,#REF!,2,0) -> #REF! | O97: =+IF(I97="Öğren Dönüş",(S97/4)*30+30,0) -> 97.5 | P97: =+N97-K97 -> #REF! | Q97: =+YEAR(N97) -> #REF! | R97: =IF(P97<O97,1,1-(ABS(O97-P97)/O97)) -> #REF! | S97: 9 | T97: =+SUMIF(#REF!,'Özet Durum'!B97,#REF!) -> #REF! | U97: =+S97-T97 -> #REF! | V97: =+T97/S97 -> #REF! | W97: 63360000 | X97: =IF(T97<S97/2," ",IF(T97=S97/2,"1.Anket Zamanı Geldi",IF(T97>S97/2,"2.Anket Zamanı Geldi"))) -> #REF! | Y97: 1
A98: 97 | B98: KMF-2023-ÖDP-54-097 | C98: Niğdelioğulları | D98: Niğde | E98: Gıda | F98: Tuğba Koşar | G98: Yarı Zamanlı | H98: ÖD-23 | I98: Öğren Dönüş | J98: =+IF(V98=1,"Tamamlandı","Devam Ediyor") -> #REF! | K98: =VLOOKUP(B98,#REF!,2,0) -> #REF! | L98: =YEAR(K98) -> #REF! | M98: =+K98+O98 -> #REF! | N98: =VLOOKUP(B98,#REF!,2,0) -> #REF! | O98: =+IF(I98="Öğren Dönüş",(S98/4)*30+30,0) -> 97.5 | P98: =+N98-K98 -> #REF! | Q98: =+YEAR(N98) -> #REF! | R98: =IF(P98<O98,1,1-(ABS(O98-P98)/O98)) -> #REF! | S98: 9 | T98: =+SUMIF(#REF!,'Özet Durum'!B98,#REF!) -> #REF! | U98: =+S98-T98 -> #REF! | V98: =+T98/S98 -> #REF! | W98: 0 | X98: =IF(T98<S98/2," ",IF(T98=S98/2,"1.Anket Zamanı Geldi",IF(T98>S98/2,"2.Anket Zamanı Geldi"))) -> #REF! | Y98: 0.93
A99: 98 | B99: KMF-2023-ÖDP-55-098 | C99: Şimşek Tarım Aletleri | D99: Nevşehir | E99: Metal | F99: Tuğba Koşar | G99: Yarı Zamanlı | H99: ÖD-23 | I99: Öğren Dönüş | J99: =+IF(V99=1,"Tamamlandı","Devam Ediyor") -> #REF! | K99: =VLOOKUP(B99,#REF!,2,0) -> #REF! | L99: =YEAR(K99) -> #REF! | M99: =+K99+O99 -> #REF! | N99: =VLOOKUP(B99,#REF!,2,0) -> #REF! | O99: =+IF(I99="Öğren Dönüş",(S99/4)*30+30,0) -> 97.5 | P99: =+N99-K99 -> #REF! | Q99: =+YEAR(N99) -> #REF! | R99: =IF(P99<O99,1,1-(ABS(O99-P99)/O99)) -> #REF! | S99: 9 | T99: =+SUMIF(#REF!,'Özet Durum'!B99,#REF!) -> #REF! | U99: =+S99-T99 -> #REF! | V99: =+T99/S99 -> #REF! | W99: 0 | X99: =IF(T99<S99/2," ",IF(T99=S99/2,"1.Anket Zamanı Geldi",IF(T99>S99/2,"2.Anket Zamanı Geldi"))) -> #REF! | Y99: 0.88
A100: 99 | B100: KMF-2023-ÖDP-56-099 | C100: İnci Gıda | D100: Kayseri | E100: Gıda | F100: Selen Madenoğlu | G100: Yarı Zamanlı | H100: ÖD-23 | I100: Öğren Dönüş | J100: =+IF(V100=1,"Tamamlandı","Devam Ediyor") -> #REF! | K100: =VLOOKUP(B100,#REF!,2,0) -> #REF! | L100: =YEAR(K100) -> #REF! | M100: =+K100+O100 -> #REF! | N100: =VLOOKUP(B100,#REF!,2,0) -> #REF! | O100: =+IF(I100="Öğren Dönüş",(S100/4)*30+30,0) -> 180 | P100: =+N100-K100 -> #REF! | Q100: =+YEAR(N100) -> #REF! | R100: =IF(P100<O100,1,1-(ABS(O100-P100)/O100)) -> #REF! | S100: 20 | T100: =+SUMIF(#REF!,'Özet Durum'!B100,#REF!) -> #REF! | U100: =+S100-T100 -> #REF! | V100: =+T100/S100 -> #REF! | W100: 88826000 | X100: =IF(T100<S100/2," ",IF(T100=S100/2,"1.Anket Zamanı Geldi",IF(T100>S100/2,"2.Anket Zamanı Geldi"))) -> #REF! | Y100: 0.93
...
